distbin,District,purpose,survey_value,model_value
1,1: Downtown,Work,7151.0776,3066.0
2,1: Downtown,Work,1220.9641,1826.0
3,1: Downtown,Work,1303.9622,1232.0
4,1: Downtown,Work,282.7968,1137.0
5,1: Downtown,Work,269.7468,1105.0
6,1: Downtown,Work,974.2289,942.0
7,1: Downtown,Work,246.3954,923.0
8,1: Downtown,Work,257.8277,770.0
9,1: Downtown,Work,752.292,850.0
10,1: Downtown,Work,634.9438,1302.0
11,1: Downtown,Work,39.391,978.0
12,1: Downtown,Work,117.5281,471.0
13,1: Downtown,Work,308.2377,492.0
14,1: Downtown,Work,141.3186,629.0
15,1: Downtown,Work,1124.1999,722.0
16,1: Downtown,Work,832.4856,793.0
17,1: Downtown,Work,263.7868,412.0
18,1: Downtown,Work,325.0575,222.0
19,1: Downtown,Work,75.5493,148.0
20,1: Downtown,Work,39.5185,125.0
21,1: Downtown,Work,148.5119,128.0
22,1: Downtown,Work,79.0174,171.0
23,1: Downtown,Work,39.521,140.0
24,1: Downtown,Work,420.3247,122.0
25,1: Downtown,Work,59.3041,72.0
26,1: Downtown,Work,19.7672,37.0
27,1: Downtown,Work,19.7455,38.0
28,1: Downtown,Work,0.0,31.0
29,1: Downtown,Work,0.0,23.0
30,1: Downtown,Work,0.0,15.0
31,1: Downtown,Work,0.0,14.0
32,1: Downtown,Work,19.7514,38.0
33,1: Downtown,Work,0.0,37.0
34,1: Downtown,Work,19.7672,46.0
35,1: Downtown,Work,19.7455,34.0
36,1: Downtown,Work,19.7672,24.0
37,1: Downtown,Work,0.0,9.0
38,1: Downtown,Work,0.0,18.0
39,1: Downtown,Work,0.0,11.0
40,1: Downtown,Work,19.7415,3.0
41,1: Downtown,Work,0.0,10.0
42,1: Downtown,Work,19.7672,4.0
43,1: Downtown,Work,0.0,6.0
44,1: Downtown,Work,0.0,2.0
45,1: Downtown,Work,0.0,1.0
46,1: Downtown,Work,0.0,0.0
47,1: Downtown,Work,0.0,0.0
48,1: Downtown,Work,0.0,1.0
49,1: Downtown,Work,0.0,1.0
50,1: Downtown,Work,0.0,0.0
51,1: Downtown,Work,0.0,0.0
1,2: Central,Work,2633.6942,18227.0
2,2: Central,Work,12812.1103,15112.0
3,2: Central,Work,7299.0481,15723.0
4,2: Central,Work,16792.8212,15413.0
5,2: Central,Work,8014.5758,15104.0
6,2: Central,Work,12030.4317,15425.0
7,2: Central,Work,12903.6501,19464.0
8,2: Central,Work,14886.9029,18257.0
9,2: Central,Work,14424.944,17289.0
10,2: Central,Work,17645.7837,16789.0
11,2: Central,Work,10436.1809,15485.0
12,2: Central,Work,7202.8715,14584.0
13,2: Central,Work,10783.7743,12895.0
14,2: Central,Work,6085.3853,11935.0
15,2: Central,Work,12696.0062,9845.0
16,2: Central,Work,7961.4081,8107.0
17,2: Central,Work,6827.9988,6989.0
18,2: Central,Work,3213.8226,5771.0
19,2: Central,Work,7770.0669,4774.0
20,2: Central,Work,3355.8469,4017.0
21,2: Central,Work,446.864,3194.0
22,2: Central,Work,1621.9183,2568.0
23,2: Central,Work,2322.4897,1977.0
24,2: Central,Work,387.4311,1701.0
25,2: Central,Work,944.1374,1440.0
26,2: Central,Work,434.9907,1099.0
27,2: Central,Work,1561.3164,773.0
28,2: Central,Work,374.0145,636.0
29,2: Central,Work,198.1472,554.0
30,2: Central,Work,201.5184,458.0
31,2: Central,Work,142.2809,442.0
32,2: Central,Work,210.3757,467.0
33,2: Central,Work,869.6476,486.0
34,2: Central,Work,170.6552,363.0
35,2: Central,Work,65.8822,362.0
36,2: Central,Work,679.7302,288.0
37,2: Central,Work,0.0,258.0
38,2: Central,Work,0.0,213.0
39,2: Central,Work,537.3334,212.0
40,2: Central,Work,0.0,156.0
41,2: Central,Work,1549.652,116.0
42,2: Central,Work,0.0,99.0
43,2: Central,Work,0.0,76.0
44,2: Central,Work,0.0,51.0
45,2: Central,Work,0.0,37.0
46,2: Central,Work,0.0,28.0
47,2: Central,Work,0.0,24.0
48,2: Central,Work,0.0,12.0
49,2: Central,Work,0.0,12.0
50,2: Central,Work,0.0,8.0
51,2: Central,Work,114.6893,0.0
1,3: North City,Work,10149.2968,6819.0
2,3: North City,Work,16664.239,14469.0
3,3: North City,Work,14454.6172,16879.0
4,3: North City,Work,16377.5476,19880.0
5,3: North City,Work,16656.1014,18917.0
6,3: North City,Work,21934.6416,18711.0
7,3: North City,Work,14009.6179,20358.0
8,3: North City,Work,18991.7179,19314.0
9,3: North City,Work,25134.1936,21118.0
10,3: North City,Work,17195.8688,22547.0
11,3: North City,Work,13929.6067,20557.0
12,3: North City,Work,11258.9269,18672.0
13,3: North City,Work,14283.1452,17114.0
14,3: North City,Work,9305.0173,15704.0
15,3: North City,Work,10491.253,14057.0
16,3: North City,Work,9512.0204,13152.0
17,3: North City,Work,13599.126,11998.0
18,3: North City,Work,9562.7375,11417.0
19,3: North City,Work,16412.1765,10405.0
20,3: North City,Work,3254.9089,8812.0
21,3: North City,Work,7505.3135,7553.0
22,3: North City,Work,2154.2429,6564.0
23,3: North City,Work,3341.1846,5433.0
24,3: North City,Work,2304.2323,4806.0
25,3: North City,Work,3497.1236,4060.0
26,3: North City,Work,2468.8425,3413.0
27,3: North City,Work,3049.8989,2866.0
28,3: North City,Work,1833.2791,2407.0
29,3: North City,Work,752.9162,1854.0
30,3: North City,Work,2529.8267,1586.0
31,3: North City,Work,0.0,1270.0
32,3: North City,Work,139.0417,1035.0
33,3: North City,Work,565.0505,849.0
34,3: North City,Work,0.0,689.0
35,3: North City,Work,245.9648,467.0
36,3: North City,Work,0.0,425.0
37,3: North City,Work,494.7613,335.0
38,3: North City,Work,104.4645,292.0
39,3: North City,Work,0.0,229.0
40,3: North City,Work,0.0,147.0
41,3: North City,Work,0.0,112.0
42,3: North City,Work,0.0,84.0
43,3: North City,Work,0.0,68.0
44,3: North City,Work,0.0,71.0
45,3: North City,Work,0.0,64.0
46,3: North City,Work,0.0,51.0
47,3: North City,Work,74.8401,35.0
48,3: North City,Work,171.1385,26.0
49,3: North City,Work,65.8224,29.0
50,3: North City,Work,463.9399,13.0
51,3: North City,Work,0.0,0.0
1,4: South Suburban,Work,7025.6181,3190.0
2,4: South Suburban,Work,2331.5375,6951.0
3,4: South Suburban,Work,7218.7132,7800.0
4,4: South Suburban,Work,7551.4927,7254.0
5,4: South Suburban,Work,3950.2965,6141.0
6,4: South Suburban,Work,8484.2052,5283.0
7,4: South Suburban,Work,5437.705,6086.0
8,4: South Suburban,Work,2146.7468,6015.0
9,4: South Suburban,Work,2980.0754,7088.0
10,4: South Suburban,Work,3644.1581,7677.0
11,4: South Suburban,Work,3733.1284,6958.0
12,4: South Suburban,Work,5491.4274,6744.0
13,4: South Suburban,Work,7433.1599,6911.0
14,4: South Suburban,Work,5950.9675,7212.0
15,4: South Suburban,Work,4882.3617,7359.0
16,4: South Suburban,Work,9382.2991,7139.0
17,4: South Suburban,Work,12237.6569,6447.0
18,4: South Suburban,Work,4065.2869,6061.0
19,4: South Suburban,Work,4887.5982,5764.0
20,4: South Suburban,Work,2720.8336,5049.0
21,4: South Suburban,Work,2855.8497,4520.0
22,4: South Suburban,Work,4440.0723,3923.0
23,4: South Suburban,Work,1196.2438,3184.0
24,4: South Suburban,Work,1392.1643,2599.0
25,4: South Suburban,Work,2740.3343,2368.0
26,4: South Suburban,Work,1855.3306,2100.0
27,4: South Suburban,Work,4909.2986,1958.0
28,4: South Suburban,Work,65.4771,1605.0
29,4: South Suburban,Work,357.2763,1264.0
30,4: South Suburban,Work,65.6496,913.0
31,4: South Suburban,Work,183.992,820.0
32,4: South Suburban,Work,65.1586,708.0
33,4: South Suburban,Work,0.0,542.0
34,4: South Suburban,Work,130.2154,469.0
35,4: South Suburban,Work,65.6714,327.0
36,4: South Suburban,Work,0.0,258.0
37,4: South Suburban,Work,0.0,166.0
38,4: South Suburban,Work,65.7202,152.0
39,4: South Suburban,Work,0.0,147.0
40,4: South Suburban,Work,1340.5237,137.0
41,4: South Suburban,Work,0.0,115.0
42,4: South Suburban,Work,0.0,112.0
43,4: South Suburban,Work,0.0,107.0
44,4: South Suburban,Work,0.0,123.0
45,4: South Suburban,Work,0.0,63.0
46,4: South Suburban,Work,0.0,70.0
47,4: South Suburban,Work,0.0,80.0
48,4: South Suburban,Work,0.0,60.0
49,4: South Suburban,Work,0.0,61.0
50,4: South Suburban,Work,0.0,44.0
51,4: South Suburban,Work,0.0,0.0
1,5: East Suburban,Work,6758.0357,3784.0
2,5: East Suburban,Work,9127.524,7970.0
3,5: East Suburban,Work,6811.106,8869.0
4,5: East Suburban,Work,5584.4767,8098.0
5,5: East Suburban,Work,5819.8784,7288.0
6,5: East Suburban,Work,5596.0849,6841.0
7,5: East Suburban,Work,5883.5834,7189.0
8,5: East Suburban,Work,5818.5547,6462.0
9,5: East Suburban,Work,7462.2459,7518.0
10,5: East Suburban,Work,5860.9269,8985.0
11,5: East Suburban,Work,4296.6431,8960.0
12,5: East Suburban,Work,2208.6357,9159.0
13,5: East Suburban,Work,7531.2385,9215.0
14,5: East Suburban,Work,5793.7092,9179.0
15,5: East Suburban,Work,7027.2002,9770.0
16,5: East Suburban,Work,6311.1071,9693.0
17,5: East Suburban,Work,3294.5771,9550.0
18,5: East Suburban,Work,4715.2883,9212.0
19,5: East Suburban,Work,4031.5054,8792.0
20,5: East Suburban,Work,10090.329,7793.0
21,5: East Suburban,Work,6764.7093,7040.0
22,5: East Suburban,Work,1492.1863,6230.0
23,5: East Suburban,Work,4191.9722,5539.0
24,5: East Suburban,Work,3193.5218,4660.0
25,5: East Suburban,Work,1447.7072,3763.0
26,5: East Suburban,Work,2898.9303,3003.0
27,5: East Suburban,Work,297.9513,2568.0
28,5: East Suburban,Work,1588.7042,2095.0
29,5: East Suburban,Work,84.6859,1881.0
30,5: East Suburban,Work,150.0882,1485.0
31,5: East Suburban,Work,65.2631,1313.0
32,5: East Suburban,Work,1317.9402,1234.0
33,5: East Suburban,Work,249.7969,1012.0
34,5: East Suburban,Work,114.6194,861.0
35,5: East Suburban,Work,65.3401,730.0
36,5: East Suburban,Work,195.7196,706.0
37,5: East Suburban,Work,1338.9885,602.0
38,5: East Suburban,Work,65.0568,571.0
39,5: East Suburban,Work,65.1258,528.0
40,5: East Suburban,Work,1341.1231,450.0
41,5: East Suburban,Work,65.0568,345.0
42,5: East Suburban,Work,0.0,234.0
43,5: East Suburban,Work,1342.5356,193.0
44,5: East Suburban,Work,146.6497,162.0
45,5: East Suburban,Work,0.0,140.0
46,5: East Suburban,Work,0.0,123.0
47,5: East Suburban,Work,0.0,75.0
48,5: East Suburban,Work,0.0,70.0
49,5: East Suburban,Work,119.1071,68.0
50,5: East Suburban,Work,0.0,43.0
51,5: East Suburban,Work,1548.6598,0.0
1,6: North County West,Work,3465.1314,5055.0
2,6: North County West,Work,6307.0023,6716.0
3,6: North County West,Work,6819.701,8501.0
4,6: North County West,Work,11894.1127,12171.0
5,6: North County West,Work,6560.8403,16853.0
6,6: North County West,Work,5039.0921,9341.0
7,6: North County West,Work,7155.5329,9751.0
8,6: North County West,Work,8941.241,8087.0
9,6: North County West,Work,6803.0991,9569.0
10,6: North County West,Work,5366.0454,11681.0
11,6: North County West,Work,3898.063,7901.0
12,6: North County West,Work,6100.5039,7864.0
13,6: North County West,Work,6315.3289,6543.0
14,6: North County West,Work,2084.5327,6691.0
15,6: North County West,Work,1224.7389,5926.0
16,6: North County West,Work,2843.9719,5783.0
17,6: North County West,Work,2837.0035,4748.0
18,6: North County West,Work,5239.0816,4512.0
19,6: North County West,Work,1529.8684,4867.0
20,6: North County West,Work,507.6914,4186.0
21,6: North County West,Work,1401.9831,3593.0
22,6: North County West,Work,2047.7653,3217.0
23,6: North County West,Work,2104.3305,3243.0
24,6: North County West,Work,665.6703,3114.0
25,6: North County West,Work,289.1163,2861.0
26,6: North County West,Work,2243.1143,2786.0
27,6: North County West,Work,1631.4096,2727.0
28,6: North County West,Work,833.3768,2509.0
29,6: North County West,Work,65.6781,2149.0
30,6: North County West,Work,4267.8964,2116.0
31,6: North County West,Work,712.4592,1859.0
32,6: North County West,Work,84.6606,1686.0
33,6: North County West,Work,1519.0496,1509.0
34,6: North County West,Work,317.3351,1319.0
35,6: North County West,Work,266.9634,1117.0
36,6: North County West,Work,156.3941,984.0
37,6: North County West,Work,65.4098,808.0
38,6: North County West,Work,1354.9194,676.0
39,6: North County West,Work,1320.5259,538.0
40,6: North County West,Work,1206.459,490.0
41,6: North County West,Work,224.8515,389.0
42,6: North County West,Work,0.0,330.0
43,6: North County West,Work,476.9421,257.0
44,6: North County West,Work,256.0033,240.0
45,6: North County West,Work,1290.8545,184.0
46,6: North County West,Work,65.0568,161.0
47,6: North County West,Work,0.0,128.0
48,6: North County West,Work,295.0386,110.0
49,6: North County West,Work,0.0,87.0
50,6: North County West,Work,0.0,66.0
51,6: North County West,Work,503.2004,0.0
1,7: North County East,Work,3132.96,4371.0
2,7: North County East,Work,8529.7807,9982.0
3,7: North County East,Work,7883.2025,11401.0
4,7: North County East,Work,5633.5887,10022.0
5,7: North County East,Work,6080.4849,8478.0
6,7: North County East,Work,3035.126,7393.0
7,7: North County East,Work,5215.146,7949.0
8,7: North County East,Work,8014.3935,7758.0
9,7: North County East,Work,7529.8587,8257.0
10,7: North County East,Work,5691.7248,7401.0
11,7: North County East,Work,428.5819,7068.0
12,7: North County East,Work,4927.7563,6624.0
13,7: North County East,Work,2555.4959,6309.0
14,7: North County East,Work,4194.0045,6035.0
15,7: North County East,Work,6914.0853,5660.0
16,7: North County East,Work,4593.451,5110.0
17,7: North County East,Work,4420.354,4854.0
18,7: North County East,Work,2887.2726,4470.0
19,7: North County East,Work,2216.4933,4245.0
20,7: North County East,Work,422.628,4174.0
21,7: North County East,Work,6354.6417,4083.0
22,7: North County East,Work,2031.52,3664.0
23,7: North County East,Work,1323.821,3595.0
24,7: North County East,Work,2565.472,3678.0
25,7: North County East,Work,1727.7671,3358.0
26,7: North County East,Work,2363.9289,3364.0
27,7: North County East,Work,1481.3483,3003.0
28,7: North County East,Work,1345.5518,2657.0
29,7: North County East,Work,183.9731,2504.0
30,7: North County East,Work,267.1086,2427.0
31,7: North County East,Work,336.3245,2180.0
32,7: North County East,Work,2271.8063,2118.0
33,7: North County East,Work,1527.6358,1932.0
34,7: North County East,Work,173.6696,1732.0
35,7: North County East,Work,0.0,1438.0
36,7: North County East,Work,380.3488,1158.0
37,7: North County East,Work,1694.4035,963.0
38,7: North County East,Work,579.5019,874.0
39,7: North County East,Work,1423.3026,725.0
40,7: North County East,Work,130.1746,624.0
41,7: North County East,Work,65.0861,524.0
42,7: North County East,Work,65.0862,428.0
43,7: North County East,Work,65.0862,361.0
44,7: North County East,Work,0.0,339.0
45,7: North County East,Work,1396.4509,262.0
46,7: North County East,Work,65.0861,197.0
47,7: North County East,Work,35.948,195.0
48,7: North County East,Work,1585.5056,157.0
49,7: North County East,Work,401.2546,152.0
50,7: North County East,Work,65.0885,96.0
51,7: North County East,Work,1479.5967,0.0
1,8: East County,Work,0.0,138.0
2,8: East County,Work,0.0,481.0
3,8: East County,Work,0.0,282.0
4,8: East County,Work,0.0,219.0
5,8: East County,Work,0.0,202.0
6,8: East County,Work,0.0,156.0
7,8: East County,Work,0.0,162.0
8,8: East County,Work,0.0,46.0
9,8: East County,Work,0.0,178.0
10,8: East County,Work,0.0,91.0
11,8: East County,Work,0.0,102.0
12,8: East County,Work,0.0,124.0
13,8: East County,Work,0.0,152.0
14,8: East County,Work,0.0,135.0
15,8: East County,Work,0.0,67.0
16,8: East County,Work,0.0,88.0
17,8: East County,Work,0.0,108.0
18,8: East County,Work,0.0,85.0
19,8: East County,Work,0.0,93.0
20,8: East County,Work,0.0,97.0
21,8: East County,Work,0.0,160.0
22,8: East County,Work,0.0,95.0
23,8: East County,Work,0.0,85.0
24,8: East County,Work,0.0,225.0
25,8: East County,Work,0.0,231.0
26,8: East County,Work,0.0,186.0
27,8: East County,Work,0.0,190.0
28,8: East County,Work,0.0,185.0
29,8: East County,Work,0.0,188.0
30,8: East County,Work,0.0,186.0
31,8: East County,Work,0.0,221.0
32,8: East County,Work,0.0,136.0
33,8: East County,Work,0.0,109.0
34,8: East County,Work,0.0,168.0
35,8: East County,Work,0.0,134.0
36,8: East County,Work,0.0,171.0
37,8: East County,Work,0.0,216.0
38,8: East County,Work,0.0,149.0
39,8: East County,Work,0.0,154.0
40,8: East County,Work,0.0,141.0
41,8: East County,Work,0.0,184.0
42,8: East County,Work,0.0,135.0
43,8: East County,Work,0.0,154.0
44,8: East County,Work,0.0,120.0
45,8: East County,Work,0.0,147.0
46,8: East County,Work,0.0,134.0
47,8: East County,Work,0.0,87.0
48,8: East County,Work,0.0,86.0
49,8: East County,Work,0.0,77.0
50,8: East County,Work,0.0,79.0
51,8: East County,Work,527.1281,0.0
1,Total,Work,40315.8138,44650.0
2,Total,Work,56993.1579,63507.0
3,Total,Work,51790.3502,70687.0
4,Total,Work,64116.8364,74194.0
5,Total,Work,47351.9241,74088.0
6,Total,Work,57093.8104,64092.0
7,Total,Work,50851.6307,71882.0
8,Total,Work,59057.3845,66709.0
9,Total,Work,65086.7087,71867.0
10,Total,Work,56039.4515,76473.0
11,Total,Work,36761.595,68009.0
12,Total,Work,37307.6498,64242.0
13,Total,Work,49210.3804,59631.0
14,Total,Work,33554.9351,57520.0
15,Total,Work,44359.8452,53406.0
16,Total,Work,41436.7432,49865.0
17,Total,Work,43480.5031,45106.0
18,Total,Work,30008.547,41750.0
19,Total,Work,36923.258,39088.0
20,Total,Work,20391.7563,34253.0
21,Total,Work,25477.8732,30271.0
22,Total,Work,13866.7225,26432.0
23,Total,Work,14519.5628,23196.0
24,Total,Work,10928.8165,20905.0
25,Total,Work,10705.49,18153.0
26,Total,Work,12284.9045,15988.0
27,Total,Work,12950.9686,14123.0
28,Total,Work,6040.4035,12125.0
29,Total,Work,1642.6768,10417.0
30,Total,Work,7482.0879,9186.0
31,Total,Work,1440.3197,8119.0
32,Total,Work,4108.7345,7422.0
33,Total,Work,4731.1804,6476.0
34,Total,Work,926.2619,5647.0
35,Total,Work,729.5674,4609.0
36,Total,Work,1431.9599,4014.0
37,Total,Work,3593.5631,3357.0
38,Total,Work,2169.6628,2945.0
39,Total,Work,3346.2877,2544.0
40,Total,Work,4038.0219,2148.0
41,Total,Work,1904.6464,1795.0
42,Total,Work,84.8534,1426.0
43,Total,Work,1884.5639,1222.0
44,Total,Work,402.653,1108.0
45,Total,Work,2687.3054,898.0
46,Total,Work,130.1429,764.0
47,Total,Work,110.7881,624.0
48,Total,Work,2051.6827,522.0
49,Total,Work,586.1841,487.0
50,Total,Work,529.0284,349.0
51,Total,Work,4173.2743,0.0
1,1: Downtown,University,1180.5937,587.0
2,1: Downtown,University,604.7971,222.0
3,1: Downtown,University,42.5421,60.0
4,1: Downtown,University,0.0,11.0
5,1: Downtown,University,0.0,30.0
6,1: Downtown,University,218.4484,70.0
7,1: Downtown,University,19.5998,52.0
8,1: Downtown,University,46.7944,184.0
9,1: Downtown,University,0.0,115.0
10,1: Downtown,University,346.5031,124.0
11,1: Downtown,University,0.0,57.0
12,1: Downtown,University,0.0,5.0
13,1: Downtown,University,0.0,12.0
14,1: Downtown,University,0.0,61.0
15,1: Downtown,University,490.4891,69.0
16,1: Downtown,University,39.1996,67.0
17,1: Downtown,University,228.9121,21.0
18,1: Downtown,University,0.0,5.0
19,1: Downtown,University,0.0,1.0
20,1: Downtown,University,0.0,2.0
21,1: Downtown,University,0.0,1.0
22,1: Downtown,University,0.0,0.0
23,1: Downtown,University,0.0,0.0
24,1: Downtown,University,0.0,2.0
25,1: Downtown,University,0.0,0.0
26,1: Downtown,University,0.0,2.0
27,1: Downtown,University,0.0,1.0
28,1: Downtown,University,0.0,0.0
29,1: Downtown,University,0.0,0.0
30,1: Downtown,University,0.0,0.0
31,1: Downtown,University,0.0,0.0
32,1: Downtown,University,0.0,0.0
33,1: Downtown,University,0.0,0.0
34,1: Downtown,University,0.0,0.0
35,1: Downtown,University,0.0,0.0
36,1: Downtown,University,0.0,0.0
37,1: Downtown,University,0.0,0.0
38,1: Downtown,University,0.0,0.0
39,1: Downtown,University,0.0,0.0
40,1: Downtown,University,19.7455,0.0
41,1: Downtown,University,0.0,0.0
42,1: Downtown,University,0.0,0.0
43,1: Downtown,University,0.0,0.0
44,1: Downtown,University,0.0,0.0
45,1: Downtown,University,0.0,0.0
46,1: Downtown,University,0.0,0.0
47,1: Downtown,University,0.0,0.0
48,1: Downtown,University,0.0,0.0
49,1: Downtown,University,0.0,0.0
50,1: Downtown,University,0.0,0.0
51,1: Downtown,University,0.0,0.0
1,2: Central,University,1638.7322,2195.0
2,2: Central,University,1293.9129,1741.0
3,2: Central,University,1701.065,1728.0
4,2: Central,University,1343.2729,1625.0
5,2: Central,University,2020.378,1895.0
6,2: Central,University,3676.9999,2711.0
7,2: Central,University,4539.1597,2790.0
8,2: Central,University,325.7482,2899.0
9,2: Central,University,4800.4691,2742.0
10,2: Central,University,713.9232,2641.0
11,2: Central,University,2026.0684,2010.0
12,2: Central,University,5309.5722,2294.0
13,2: Central,University,93.2719,1669.0
14,2: Central,University,3494.0286,1487.0
15,2: Central,University,1389.3637,899.0
16,2: Central,University,1670.9522,657.0
17,2: Central,University,462.6689,423.0
18,2: Central,University,310.761,330.0
19,2: Central,University,75.139,290.0
20,2: Central,University,65.3982,179.0
21,2: Central,University,0.0,152.0
22,2: Central,University,0.0,75.0
23,2: Central,University,0.0,56.0
24,2: Central,University,0.0,31.0
25,2: Central,University,0.0,22.0
26,2: Central,University,0.0,17.0
27,2: Central,University,0.0,8.0
28,2: Central,University,0.0,3.0
29,2: Central,University,0.0,1.0
30,2: Central,University,0.0,0.0
31,2: Central,University,0.0,1.0
32,2: Central,University,0.0,0.0
33,2: Central,University,0.0,4.0
34,2: Central,University,0.0,2.0
35,2: Central,University,0.0,1.0
36,2: Central,University,0.0,3.0
37,2: Central,University,0.0,0.0
38,2: Central,University,0.0,2.0
39,2: Central,University,0.0,0.0
40,2: Central,University,76.4864,0.0
41,2: Central,University,0.0,0.0
42,2: Central,University,19.8579,0.0
43,2: Central,University,0.0,0.0
44,2: Central,University,0.0,0.0
45,2: Central,University,0.0,0.0
46,2: Central,University,0.0,0.0
47,2: Central,University,0.0,0.0
48,2: Central,University,0.0,0.0
49,2: Central,University,0.0,0.0
50,2: Central,University,0.0,0.0
51,2: Central,University,0.0,0.0
1,3: North City,University,6185.2057,7197.0
2,3: North City,University,6884.1246,3335.0
3,3: North City,University,8212.1147,3940.0
4,3: North City,University,5012.4573,4037.0
5,3: North City,University,3916.4576,2793.0
6,3: North City,University,3127.5543,3253.0
7,3: North City,University,1664.7496,3494.0
8,3: North City,University,2755.1096,2810.0
9,3: North City,University,65.0568,3068.0
10,3: North City,University,2994.5004,3331.0
11,3: North City,University,5612.8678,2837.0
12,3: North City,University,0.0,2394.0
13,3: North City,University,966.7697,1837.0
14,3: North City,University,1009.3575,2259.0
15,3: North City,University,4275.9509,1786.0
16,3: North City,University,771.5783,1780.0
17,3: North City,University,1040.001,1406.0
18,3: North City,University,2821.7742,1556.0
19,3: North City,University,150.6297,1104.0
20,3: North City,University,1448.0743,1010.0
21,3: North City,University,0.0,739.0
22,3: North City,University,65.0568,571.0
23,3: North City,University,0.0,372.0
24,3: North City,University,149.7626,313.0
25,3: North City,University,0.0,198.0
26,3: North City,University,0.0,141.0
27,3: North City,University,0.0,97.0
28,3: North City,University,0.0,83.0
29,3: North City,University,0.0,62.0
30,3: North City,University,0.0,38.0
31,3: North City,University,0.0,24.0
32,3: North City,University,0.0,45.0
33,3: North City,University,0.0,47.0
34,3: North City,University,0.0,24.0
35,3: North City,University,0.0,4.0
36,3: North City,University,0.0,1.0
37,3: North City,University,0.0,1.0
38,3: North City,University,0.0,1.0
39,3: North City,University,65.0568,0.0
40,3: North City,University,0.0,0.0
41,3: North City,University,0.0,0.0
42,3: North City,University,0.0,0.0
43,3: North City,University,0.0,0.0
44,3: North City,University,0.0,0.0
45,3: North City,University,0.0,0.0
46,3: North City,University,0.0,0.0
47,3: North City,University,0.0,0.0
48,3: North City,University,0.0,0.0
49,3: North City,University,0.0,0.0
50,3: North City,University,0.0,0.0
51,3: North City,University,0.0,0.0
1,4: South Suburban,University,1288.1676,464.0
2,4: South Suburban,University,3293.9463,1559.0
3,4: South Suburban,University,2552.2638,2439.0
4,4: South Suburban,University,4589.3127,2054.0
5,4: South Suburban,University,2578.0533,1557.0
6,4: South Suburban,University,53.7766,951.0
7,4: South Suburban,University,2990.9695,1078.0
8,4: South Suburban,University,234.301,550.0
9,4: South Suburban,University,53.7766,745.0
10,4: South Suburban,University,2011.8513,753.0
11,4: South Suburban,University,0.0,940.0
12,4: South Suburban,University,1067.7899,851.0
13,4: South Suburban,University,0.0,1202.0
14,4: South Suburban,University,1365.5337,1128.0
15,4: South Suburban,University,1277.6886,1132.0
16,4: South Suburban,University,1812.5605,966.0
17,4: South Suburban,University,481.8667,1041.0
18,4: South Suburban,University,172.7965,1168.0
19,4: South Suburban,University,59.7574,891.0
20,4: South Suburban,University,433.6075,847.0
21,4: South Suburban,University,0.0,637.0
22,4: South Suburban,University,0.0,414.0
23,4: South Suburban,University,2100.9465,329.0
24,4: South Suburban,University,0.0,149.0
25,4: South Suburban,University,65.1587,134.0
26,4: South Suburban,University,0.0,105.0
27,4: South Suburban,University,1240.3085,87.0
28,4: South Suburban,University,0.0,63.0
29,4: South Suburban,University,0.0,30.0
30,4: South Suburban,University,0.0,19.0
31,4: South Suburban,University,0.0,14.0
32,4: South Suburban,University,0.0,4.0
33,4: South Suburban,University,0.0,6.0
34,4: South Suburban,University,0.0,1.0
35,4: South Suburban,University,0.0,1.0
36,4: South Suburban,University,0.0,3.0
37,4: South Suburban,University,0.0,0.0
38,4: South Suburban,University,0.0,1.0
39,4: South Suburban,University,0.0,1.0
40,4: South Suburban,University,0.0,0.0
41,4: South Suburban,University,0.0,0.0
42,4: South Suburban,University,0.0,0.0
43,4: South Suburban,University,0.0,0.0
44,4: South Suburban,University,0.0,0.0
45,4: South Suburban,University,0.0,0.0
46,4: South Suburban,University,0.0,0.0
47,4: South Suburban,University,0.0,0.0
48,4: South Suburban,University,0.0,1.0
49,4: South Suburban,University,0.0,0.0
50,4: South Suburban,University,0.0,0.0
51,4: South Suburban,University,0.0,0.0
1,5: East Suburban,University,0.0,341.0
2,5: East Suburban,University,99.8147,633.0
3,5: East Suburban,University,3485.7447,1317.0
4,5: East Suburban,University,5645.6374,1642.0
5,5: East Suburban,University,2021.2576,1845.0
6,5: East Suburban,University,1923.5398,1937.0
7,5: East Suburban,University,19.5998,1600.0
8,5: East Suburban,University,2604.7479,1723.0
9,5: East Suburban,University,1955.6811,2098.0
10,5: East Suburban,University,19.8926,1486.0
11,5: East Suburban,University,119.004,1273.0
12,5: East Suburban,University,1301.7526,1142.0
13,5: East Suburban,University,2877.9632,873.0
14,5: East Suburban,University,0.0,882.0
15,5: East Suburban,University,185.1901,808.0
16,5: East Suburban,University,0.0,722.0
17,5: East Suburban,University,0.0,711.0
18,5: East Suburban,University,130.6035,658.0
19,5: East Suburban,University,65.2632,527.0
20,5: East Suburban,University,75.1838,464.0
21,5: East Suburban,University,65.0568,445.0
22,5: East Suburban,University,65.0568,392.0
23,5: East Suburban,University,0.0,331.0
24,5: East Suburban,University,0.0,254.0
25,5: East Suburban,University,0.0,192.0
26,5: East Suburban,University,0.0,212.0
27,5: East Suburban,University,118.6226,189.0
28,5: East Suburban,University,0.0,147.0
29,5: East Suburban,University,0.0,118.0
30,5: East Suburban,University,0.0,89.0
31,5: East Suburban,University,0.0,67.0
32,5: East Suburban,University,0.0,69.0
33,5: East Suburban,University,0.0,53.0
34,5: East Suburban,University,0.0,28.0
35,5: East Suburban,University,0.0,9.0
36,5: East Suburban,University,0.0,8.0
37,5: East Suburban,University,0.0,8.0
38,5: East Suburban,University,1268.7232,10.0
39,5: East Suburban,University,0.0,9.0
40,5: East Suburban,University,0.0,3.0
41,5: East Suburban,University,0.0,5.0
42,5: East Suburban,University,0.0,1.0
43,5: East Suburban,University,0.0,1.0
44,5: East Suburban,University,0.0,0.0
45,5: East Suburban,University,0.0,0.0
46,5: East Suburban,University,0.0,0.0
47,5: East Suburban,University,0.0,0.0
48,5: East Suburban,University,0.0,0.0
49,5: East Suburban,University,0.0,0.0
50,5: East Suburban,University,0.0,0.0
51,5: East Suburban,University,0.0,0.0
1,6: North County West,University,19.8719,237.0
2,6: North County West,University,2711.4106,719.0
3,6: North County West,University,1286.1677,844.0
4,6: North County West,University,0.0,1312.0
5,6: North County West,University,1420.3714,1471.0
6,6: North County West,University,3931.7851,1688.0
7,6: North County West,University,65.4989,1560.0
8,6: North County West,University,390.55,1267.0
9,6: North County West,University,0.0,1454.0
10,6: North County West,University,0.0,1064.0
11,6: North County West,University,196.1508,903.0
12,6: North County West,University,0.0,1055.0
13,6: North County West,University,465.2948,848.0
14,6: North County West,University,380.7918,817.0
15,6: North County West,University,2182.5979,896.0
16,6: North County West,University,1227.6755,555.0
17,6: North County West,University,0.0,657.0
18,6: North County West,University,81.5077,351.0
19,6: North County West,University,230.7149,348.0
20,6: North County West,University,66.02,188.0
21,6: North County West,University,0.0,171.0
22,6: North County West,University,0.0,117.0
23,6: North County West,University,0.0,133.0
24,6: North County West,University,0.0,316.0
25,6: North County West,University,69.0306,188.0
26,6: North County West,University,0.0,120.0
27,6: North County West,University,0.0,112.0
28,6: North County West,University,0.0,91.0
29,6: North County West,University,0.0,64.0
30,6: North County West,University,0.0,20.0
31,6: North County West,University,0.0,110.0
32,6: North County West,University,1277.3032,12.0
33,6: North County West,University,0.0,21.0
34,6: North County West,University,0.0,5.0
35,6: North County West,University,1292.3212,9.0
36,6: North County West,University,702.3128,8.0
37,6: North County West,University,0.0,2.0
38,6: North County West,University,0.0,5.0
39,6: North County West,University,0.0,0.0
40,6: North County West,University,0.0,6.0
41,6: North County West,University,0.0,0.0
42,6: North County West,University,0.0,0.0
43,6: North County West,University,0.0,0.0
44,6: North County West,University,0.0,0.0
45,6: North County West,University,0.0,0.0
46,6: North County West,University,0.0,0.0
47,6: North County West,University,0.0,0.0
48,6: North County West,University,0.0,0.0
49,6: North County West,University,0.0,0.0
50,6: North County West,University,0.0,0.0
51,6: North County West,University,0.0,0.0
1,7: North County East,University,74.9585,634.0
2,7: North County East,University,3731.7034,1361.0
3,7: North County East,University,2933.1069,1503.0
4,7: North County East,University,2475.3035,2606.0
5,7: North County East,University,65.0861,1484.0
6,7: North County East,University,0.0,1362.0
7,7: North County East,University,4108.0896,1399.0
8,7: North County East,University,3827.4369,1744.0
9,7: North County East,University,85.7667,1754.0
10,7: North County East,University,2610.3932,1222.0
11,7: North County East,University,0.0,1003.0
12,7: North County East,University,74.9585,538.0
13,7: North County East,University,65.0861,384.0
14,7: North County East,University,0.0,295.0
15,7: North County East,University,0.0,364.0
16,7: North County East,University,1615.1667,424.0
17,7: North County East,University,1615.1646,436.0
18,7: North County East,University,1561.3638,678.0
19,7: North County East,University,65.0889,590.0
20,7: North County East,University,135.1568,287.0
21,7: North County East,University,0.0,316.0
22,7: North County East,University,0.0,338.0
23,7: North County East,University,65.0861,199.0
24,7: North County East,University,0.0,155.0
25,7: North County East,University,0.0,189.0
26,7: North County East,University,1561.3638,161.0
27,7: North County East,University,0.0,87.0
28,7: North County East,University,0.0,111.0
29,7: North County East,University,0.0,67.0
30,7: North County East,University,0.0,97.0
31,7: North County East,University,0.0,30.0
32,7: North County East,University,0.0,22.0
33,7: North County East,University,1258.7349,29.0
34,7: North County East,University,0.0,14.0
35,7: North County East,University,0.0,8.0
36,7: North County East,University,65.087,18.0
37,7: North County East,University,0.0,7.0
38,7: North County East,University,120.466,2.0
39,7: North County East,University,65.0861,3.0
40,7: North County East,University,19.7499,2.0
41,7: North County East,University,0.0,3.0
42,7: North County East,University,67.2212,1.0
43,7: North County East,University,0.0,1.0
44,7: North County East,University,0.0,0.0
45,7: North County East,University,0.0,0.0
46,7: North County East,University,0.0,1.0
47,7: North County East,University,0.0,0.0
48,7: North County East,University,0.0,0.0
49,7: North County East,University,0.0,0.0
50,7: North County East,University,0.0,0.0
51,7: North County East,University,0.0,0.0
1,8: East County,University,0.0,10.0
2,8: East County,University,0.0,46.0
3,8: East County,University,0.0,27.0
4,8: East County,University,0.0,28.0
5,8: East County,University,0.0,15.0
6,8: East County,University,0.0,0.0
7,8: East County,University,0.0,6.0
8,8: East County,University,0.0,5.0
9,8: East County,University,0.0,13.0
10,8: East County,University,0.0,11.0
11,8: East County,University,0.0,13.0
12,8: East County,University,0.0,28.0
13,8: East County,University,0.0,7.0
14,8: East County,University,0.0,6.0
15,8: East County,University,0.0,2.0
16,8: East County,University,0.0,16.0
17,8: East County,University,0.0,9.0
18,8: East County,University,0.0,5.0
19,8: East County,University,0.0,35.0
20,8: East County,University,0.0,15.0
21,8: East County,University,0.0,9.0
22,8: East County,University,0.0,23.0
23,8: East County,University,0.0,16.0
24,8: East County,University,0.0,24.0
25,8: East County,University,0.0,55.0
26,8: East County,University,0.0,22.0
27,8: East County,University,0.0,22.0
28,8: East County,University,0.0,2.0
29,8: East County,University,0.0,35.0
30,8: East County,University,0.0,37.0
31,8: East County,University,0.0,16.0
32,8: East County,University,0.0,27.0
33,8: East County,University,0.0,37.0
34,8: East County,University,0.0,37.0
35,8: East County,University,0.0,8.0
36,8: East County,University,0.0,20.0
37,8: East County,University,0.0,31.0
38,8: East County,University,0.0,14.0
39,8: East County,University,0.0,15.0
40,8: East County,University,0.0,11.0
41,8: East County,University,0.0,16.0
42,8: East County,University,0.0,7.0
43,8: East County,University,0.0,13.0
44,8: East County,University,0.0,14.0
45,8: East County,University,0.0,13.0
46,8: East County,University,0.0,6.0
47,8: East County,University,0.0,3.0
48,8: East County,University,0.0,6.0
49,8: East County,University,0.0,5.0
50,8: East County,University,0.0,8.0
51,8: East County,University,0.0,0.0
1,Total,University,10387.5296,11665.0
2,Total,University,18619.7096,9616.0
3,Total,University,20213.0049,11858.0
4,Total,University,19065.9838,13315.0
5,Total,University,12021.604,11090.0
6,Total,University,12932.1041,11972.0
7,Total,University,13407.6669,11979.0
8,Total,University,10184.688,11182.0
9,Total,University,6960.7503,11989.0
10,Total,University,8697.0638,10632.0
11,Total,University,7954.091,9036.0
12,Total,University,7754.0732,8307.0
13,Total,University,4468.3857,6832.0
14,Total,University,6249.7116,6935.0
15,Total,University,9801.2803,5956.0
16,Total,University,7137.1328,5187.0
17,Total,University,3828.6133,4704.0
18,Total,University,5078.8067,4751.0
19,Total,University,646.5931,3786.0
20,Total,University,2223.4406,2992.0
21,Total,University,65.0568,2470.0
22,Total,University,130.1136,1930.0
23,Total,University,2166.0326,1436.0
24,Total,University,149.7626,1244.0
25,Total,University,134.1893,978.0
26,Total,University,1561.3638,780.0
27,Total,University,1358.9311,603.0
28,Total,University,0.0,500.0
29,Total,University,0.0,377.0
30,Total,University,0.0,300.0
31,Total,University,0.0,262.0
32,Total,University,1277.3032,179.0
33,Total,University,1258.7349,197.0
34,Total,University,0.0,111.0
35,Total,University,1292.3212,40.0
36,Total,University,767.3998,61.0
37,Total,University,0.0,49.0
38,Total,University,1389.1892,35.0
39,Total,University,130.1429,28.0
40,Total,University,115.9818,22.0
41,Total,University,0.0,24.0
42,Total,University,87.0791,9.0
43,Total,University,0.0,15.0
44,Total,University,0.0,14.0
45,Total,University,0.0,13.0
46,Total,University,0.0,7.0
47,Total,University,0.0,3.0
48,Total,University,0.0,7.0
49,Total,University,0.0,5.0
50,Total,University,0.0,8.0
51,Total,University,0.0,0.0
1,1: Downtown,School,1044.5313,3200.0
2,1: Downtown,School,343.3906,1166.0
3,1: Downtown,School,21.614,571.0
4,1: Downtown,School,0.0,334.0
5,1: Downtown,School,0.0,344.0
6,1: Downtown,School,308.7829,328.0
7,1: Downtown,School,0.0,303.0
8,1: Downtown,School,0.0,204.0
9,1: Downtown,School,19.5998,143.0
10,1: Downtown,School,0.0,165.0
11,1: Downtown,School,0.0,121.0
12,1: Downtown,School,0.0,90.0
13,1: Downtown,School,0.0,76.0
14,1: Downtown,School,0.0,111.0
15,1: Downtown,School,0.0,60.0
16,1: Downtown,School,0.0,90.0
17,1: Downtown,School,0.0,68.0
18,1: Downtown,School,2037.5006,45.0
19,1: Downtown,School,0.0,20.0
20,1: Downtown,School,0.0,11.0
21,1: Downtown,School,0.0,6.0
22,1: Downtown,School,0.0,4.0
23,1: Downtown,School,308.7834,1.0
24,1: Downtown,School,0.0,1.0
25,1: Downtown,School,0.0,0.0
26,1: Downtown,School,0.0,0.0
27,1: Downtown,School,0.0,0.0
28,1: Downtown,School,0.0,0.0
29,1: Downtown,School,0.0,0.0
30,1: Downtown,School,0.0,0.0
31,1: Downtown,School,0.0,0.0
32,1: Downtown,School,0.0,0.0
33,1: Downtown,School,0.0,0.0
34,1: Downtown,School,0.0,0.0
35,1: Downtown,School,0.0,0.0
36,1: Downtown,School,0.0,0.0
37,1: Downtown,School,0.0,0.0
38,1: Downtown,School,0.0,0.0
39,1: Downtown,School,0.0,0.0
40,1: Downtown,School,0.0,0.0
41,1: Downtown,School,0.0,0.0
42,1: Downtown,School,0.0,0.0
43,1: Downtown,School,0.0,0.0
44,1: Downtown,School,0.0,0.0
45,1: Downtown,School,0.0,0.0
46,1: Downtown,School,0.0,0.0
47,1: Downtown,School,0.0,0.0
48,1: Downtown,School,0.0,0.0
49,1: Downtown,School,0.0,0.0
50,1: Downtown,School,0.0,0.0
51,1: Downtown,School,0.0,0.0
1,2: Central,School,24210.2378,36183.0
2,2: Central,School,15755.4269,23743.0
3,2: Central,School,8906.3181,18815.0
4,2: Central,School,11107.5262,11901.0
5,2: Central,School,2496.1859,9261.0
6,2: Central,School,2323.3388,7532.0
7,2: Central,School,5903.701,6160.0
8,2: Central,School,3725.1824,5086.0
9,2: Central,School,3656.116,4287.0
10,2: Central,School,5584.6507,3681.0
11,2: Central,School,4880.2812,3510.0
12,2: Central,School,1808.9516,2879.0
13,2: Central,School,1972.8766,2717.0
14,2: Central,School,723.1314,2305.0
15,2: Central,School,519.6063,1926.0
16,2: Central,School,1364.0363,1563.0
17,2: Central,School,1364.0363,1461.0
18,2: Central,School,485.2851,1210.0
19,2: Central,School,525.4443,977.0
20,2: Central,School,924.1962,652.0
21,2: Central,School,0.0,298.0
22,2: Central,School,113.6799,212.0
23,2: Central,School,309.8379,138.0
24,2: Central,School,0.0,111.0
25,2: Central,School,0.0,64.0
26,2: Central,School,0.0,57.0
27,2: Central,School,0.0,22.0
28,2: Central,School,309.8379,11.0
29,2: Central,School,0.0,0.0
30,2: Central,School,0.0,1.0
31,2: Central,School,0.0,0.0
32,2: Central,School,0.0,0.0
33,2: Central,School,0.0,0.0
34,2: Central,School,0.0,1.0
35,2: Central,School,0.0,1.0
36,2: Central,School,0.0,0.0
37,2: Central,School,0.0,0.0
38,2: Central,School,0.0,0.0
39,2: Central,School,0.0,0.0
40,2: Central,School,0.0,0.0
41,2: Central,School,0.0,0.0
42,2: Central,School,0.0,1.0
43,2: Central,School,0.0,0.0
44,2: Central,School,0.0,1.0
45,2: Central,School,0.0,0.0
46,2: Central,School,0.0,0.0
47,2: Central,School,0.0,0.0
48,2: Central,School,0.0,0.0
49,2: Central,School,0.0,0.0
50,2: Central,School,0.0,0.0
51,2: Central,School,0.0,0.0
1,3: North City,School,38582.2775,28956.0
2,3: North City,School,16654.5815,23516.0
3,3: North City,School,24315.6757,22584.0
4,3: North City,School,20262.9301,20013.0
5,3: North City,School,11850.5374,14173.0
6,3: North City,School,5930.7821,11150.0
7,3: North City,School,481.8936,8724.0
8,3: North City,School,2601.8573,7043.0
9,3: North City,School,2751.9517,6059.0
10,3: North City,School,3549.121,5260.0
11,3: North City,School,2952.5493,4434.0
12,3: North City,School,557.8318,3817.0
13,3: North City,School,909.9171,3422.0
14,3: North City,School,277.6126,3026.0
15,3: North City,School,2800.6336,2601.0
16,3: North City,School,1369.4347,2226.0
17,3: North City,School,3532.496,1926.0
18,3: North City,School,221.7558,1809.0
19,3: North City,School,782.96,1321.0
20,3: North City,School,1403.7947,890.0
21,3: North City,School,206.114,452.0
22,3: North City,School,0.0,299.0
23,3: North City,School,65.1258,177.0
24,3: North City,School,65.0568,134.0
25,3: North City,School,0.0,119.0
26,3: North City,School,0.0,75.0
27,3: North City,School,470.4966,33.0
28,3: North City,School,61.9563,36.0
29,3: North City,School,228.0496,12.0
30,3: North City,School,0.0,19.0
31,3: North City,School,0.0,7.0
32,3: North City,School,353.3579,0.0
33,3: North City,School,0.0,0.0
34,3: North City,School,0.0,3.0
35,3: North City,School,0.0,0.0
36,3: North City,School,0.0,0.0
37,3: North City,School,0.0,0.0
38,3: North City,School,0.0,0.0
39,3: North City,School,0.0,0.0
40,3: North City,School,0.0,0.0
41,3: North City,School,0.0,0.0
42,3: North City,School,0.0,0.0
43,3: North City,School,0.0,0.0
44,3: North City,School,0.0,0.0
45,3: North City,School,0.0,0.0
46,3: North City,School,0.0,0.0
47,3: North City,School,0.0,0.0
48,3: North City,School,0.0,0.0
49,3: North City,School,0.0,0.0
50,3: North City,School,0.0,0.0
51,3: North City,School,0.0,0.0
1,4: South Suburban,School,23028.3244,27043.0
2,4: South Suburban,School,16462.2106,20982.0
3,4: South Suburban,School,12914.3109,18103.0
4,4: South Suburban,School,5503.8894,13191.0
5,4: South Suburban,School,2712.0695,8262.0
6,4: South Suburban,School,3961.0031,5821.0
7,4: South Suburban,School,1457.0255,4186.0
8,4: South Suburban,School,1626.881,3201.0
9,4: South Suburban,School,624.3235,2681.0
10,4: South Suburban,School,731.3227,1862.0
11,4: South Suburban,School,0.0,1438.0
12,4: South Suburban,School,0.0,1071.0
13,4: South Suburban,School,0.0,856.0
14,4: South Suburban,School,65.0568,679.0
15,4: South Suburban,School,0.0,578.0
16,4: South Suburban,School,0.0,441.0
17,4: South Suburban,School,0.0,393.0
18,4: South Suburban,School,815.0668,270.0
19,4: South Suburban,School,65.8049,240.0
20,4: South Suburban,School,0.0,192.0
21,4: South Suburban,School,1288.1799,114.0
22,4: South Suburban,School,684.9532,78.0
23,4: South Suburban,School,0.0,41.0
24,4: South Suburban,School,0.0,33.0
25,4: South Suburban,School,0.0,22.0
26,4: South Suburban,School,0.0,13.0
27,4: South Suburban,School,751.6182,11.0
28,4: South Suburban,School,53.8608,4.0
29,4: South Suburban,School,0.0,5.0
30,4: South Suburban,School,0.0,0.0
31,4: South Suburban,School,0.0,3.0
32,4: South Suburban,School,0.0,2.0
33,4: South Suburban,School,0.0,1.0
34,4: South Suburban,School,0.0,0.0
35,4: South Suburban,School,0.0,0.0
36,4: South Suburban,School,0.0,0.0
37,4: South Suburban,School,0.0,0.0
38,4: South Suburban,School,0.0,0.0
39,4: South Suburban,School,0.0,0.0
40,4: South Suburban,School,0.0,0.0
41,4: South Suburban,School,0.0,0.0
42,4: South Suburban,School,0.0,1.0
43,4: South Suburban,School,0.0,0.0
44,4: South Suburban,School,0.0,0.0
45,4: South Suburban,School,0.0,0.0
46,4: South Suburban,School,0.0,0.0
47,4: South Suburban,School,0.0,0.0
48,4: South Suburban,School,0.0,0.0
49,4: South Suburban,School,0.0,0.0
50,4: South Suburban,School,0.0,0.0
51,4: South Suburban,School,0.0,0.0
1,5: East Suburban,School,11736.2562,27056.0
2,5: East Suburban,School,12168.2069,21861.0
3,5: East Suburban,School,13222.9859,18259.0
4,5: East Suburban,School,6466.8545,12651.0
5,5: East Suburban,School,8142.2648,8444.0
6,5: East Suburban,School,3924.2858,6397.0
7,5: East Suburban,School,2389.2536,5332.0
8,5: East Suburban,School,694.1088,3965.0
9,5: East Suburban,School,1844.3842,2991.0
10,5: East Suburban,School,2711.6524,2197.0
11,5: East Suburban,School,1683.516,1873.0
12,5: East Suburban,School,84.6774,1644.0
13,5: East Suburban,School,130.2036,1435.0
14,5: East Suburban,School,2491.4438,1199.0
15,5: East Suburban,School,151.8041,926.0
16,5: East Suburban,School,130.1136,916.0
17,5: East Suburban,School,170.5266,658.0
18,5: East Suburban,School,170.5266,580.0
19,5: East Suburban,School,0.0,504.0
20,5: East Suburban,School,0.0,500.0
21,5: East Suburban,School,65.0568,281.0
22,5: East Suburban,School,0.0,232.0
23,5: East Suburban,School,0.0,169.0
24,5: East Suburban,School,0.0,140.0
25,5: East Suburban,School,0.0,112.0
26,5: East Suburban,School,0.0,72.0
27,5: East Suburban,School,0.0,53.0
28,5: East Suburban,School,0.0,41.0
29,5: East Suburban,School,65.0861,25.0
30,5: East Suburban,School,0.0,35.0
31,5: East Suburban,School,0.0,3.0
32,5: East Suburban,School,0.0,6.0
33,5: East Suburban,School,0.0,8.0
34,5: East Suburban,School,0.0,2.0
35,5: East Suburban,School,0.0,1.0
36,5: East Suburban,School,0.0,3.0
37,5: East Suburban,School,0.0,1.0
38,5: East Suburban,School,0.0,2.0
39,5: East Suburban,School,0.0,0.0
40,5: East Suburban,School,0.0,0.0
41,5: East Suburban,School,0.0,1.0
42,5: East Suburban,School,0.0,0.0
43,5: East Suburban,School,0.0,1.0
44,5: East Suburban,School,0.0,0.0
45,5: East Suburban,School,0.0,0.0
46,5: East Suburban,School,0.0,0.0
47,5: East Suburban,School,0.0,0.0
48,5: East Suburban,School,0.0,0.0
49,5: East Suburban,School,0.0,0.0
50,5: East Suburban,School,0.0,0.0
51,5: East Suburban,School,0.0,0.0
1,6: North County West,School,12661.6093,18827.0
2,6: North County West,School,16936.6423,16856.0
3,6: North County West,School,9474.5974,14785.0
4,6: North County West,School,5241.2078,14185.0
5,6: North County West,School,6399.2949,9090.0
6,6: North County West,School,3247.7266,6684.0
7,6: North County West,School,19.8232,3854.0
8,6: North County West,School,4362.3331,2615.0
9,6: North County West,School,165.4572,1540.0
10,6: North County West,School,130.6072,2135.0
11,6: North County West,School,137.5272,1396.0
12,6: North County West,School,2609.136,1593.0
13,6: North County West,School,0.0,1134.0
14,6: North County West,School,626.5623,1310.0
15,6: North County West,School,1294.7681,1244.0
16,6: North County West,School,0.0,558.0
17,6: North County West,School,136.8996,323.0
18,6: North County West,School,0.0,234.0
19,6: North County West,School,1744.0548,254.0
20,6: North County West,School,0.0,201.0
21,6: North County West,School,150.4939,108.0
22,6: North County West,School,0.0,101.0
23,6: North County West,School,51.2579,53.0
24,6: North County West,School,39.4122,86.0
25,6: North County West,School,0.0,46.0
26,6: North County West,School,0.0,35.0
27,6: North County West,School,525.7309,20.0
28,6: North County West,School,0.0,17.0
29,6: North County West,School,0.0,11.0
30,6: North County West,School,0.0,10.0
31,6: North County West,School,0.0,31.0
32,6: North County West,School,0.0,5.0
33,6: North County West,School,0.0,65.0
34,6: North County West,School,0.0,2.0
35,6: North County West,School,0.0,320.0
36,6: North County West,School,0.0,7.0
37,6: North County West,School,0.0,6.0
38,6: North County West,School,0.0,1.0
39,6: North County West,School,0.0,0.0
40,6: North County West,School,0.0,0.0
41,6: North County West,School,0.0,0.0
42,6: North County West,School,0.0,1.0
43,6: North County West,School,0.0,0.0
44,6: North County West,School,0.0,0.0
45,6: North County West,School,0.0,0.0
46,6: North County West,School,0.0,0.0
47,6: North County West,School,0.0,1.0
48,6: North County West,School,0.0,0.0
49,6: North County West,School,0.0,0.0
50,6: North County West,School,0.0,0.0
51,6: North County West,School,0.0,0.0
1,7: North County East,School,9480.7228,23041.0
2,7: North County East,School,13398.1665,23003.0
3,7: North County East,School,9063.9564,23435.0
4,7: North County East,School,8704.2079,16506.0
5,7: North County East,School,3244.148,10591.0
6,7: North County East,School,5596.402,7205.0
7,7: North County East,School,4654.7456,4296.0
8,7: North County East,School,0.0,2598.0
9,7: North County East,School,67.5776,1978.0
10,7: North County East,School,1602.5067,1302.0
11,7: North County East,School,1531.2497,1001.0
12,7: North County East,School,438.5908,901.0
13,7: North County East,School,130.1722,684.0
14,7: North County East,School,2410.3531,698.0
15,7: North County East,School,0.0,564.0
16,7: North County East,School,0.0,434.0
17,7: North County East,School,0.0,355.0
18,7: North County East,School,53.8008,313.0
19,7: North County East,School,0.0,265.0
20,7: North County East,School,2239.4282,239.0
21,7: North County East,School,0.0,200.0
22,7: North County East,School,0.0,118.0
23,7: North County East,School,0.0,82.0
24,7: North County East,School,67.2212,57.0
25,7: North County East,School,1530.8933,51.0
26,7: North County East,School,0.0,44.0
27,7: North County East,School,0.0,56.0
28,7: North County East,School,0.0,45.0
29,7: North County East,School,0.0,19.0
30,7: North County East,School,0.0,16.0
31,7: North County East,School,0.0,10.0
32,7: North County East,School,0.0,7.0
33,7: North County East,School,0.0,9.0
34,7: North County East,School,0.0,6.0
35,7: North County East,School,0.0,0.0
36,7: North County East,School,0.0,12.0
37,7: North County East,School,0.0,5.0
38,7: North County East,School,0.0,0.0
39,7: North County East,School,0.0,1.0
40,7: North County East,School,0.0,0.0
41,7: North County East,School,0.0,0.0
42,7: North County East,School,0.0,0.0
43,7: North County East,School,0.0,0.0
44,7: North County East,School,0.0,0.0
45,7: North County East,School,0.0,0.0
46,7: North County East,School,0.0,0.0
47,7: North County East,School,0.0,1.0
48,7: North County East,School,0.0,0.0
49,7: North County East,School,0.0,0.0
50,7: North County East,School,0.0,1.0
51,7: North County East,School,0.0,0.0
1,8: East County,School,0.0,380.0
2,8: East County,School,0.0,761.0
3,8: East County,School,0.0,495.0
4,8: East County,School,0.0,511.0
5,8: East County,School,0.0,412.0
6,8: East County,School,0.0,260.0
7,8: East County,School,0.0,120.0
8,8: East County,School,0.0,118.0
9,8: East County,School,0.0,80.0
10,8: East County,School,0.0,37.0
11,8: East County,School,0.0,106.0
12,8: East County,School,0.0,215.0
13,8: East County,School,0.0,165.0
14,8: East County,School,0.0,49.0
15,8: East County,School,0.0,104.0
16,8: East County,School,0.0,204.0
17,8: East County,School,0.0,153.0
18,8: East County,School,0.0,111.0
19,8: East County,School,0.0,255.0
20,8: East County,School,0.0,197.0
21,8: East County,School,0.0,128.0
22,8: East County,School,0.0,66.0
23,8: East County,School,0.0,24.0
24,8: East County,School,0.0,100.0
25,8: East County,School,0.0,100.0
26,8: East County,School,0.0,71.0
27,8: East County,School,0.0,28.0
28,8: East County,School,0.0,73.0
29,8: East County,School,0.0,66.0
30,8: East County,School,0.0,57.0
31,8: East County,School,0.0,57.0
32,8: East County,School,0.0,5.0
33,8: East County,School,0.0,58.0
34,8: East County,School,0.0,26.0
35,8: East County,School,0.0,2.0
36,8: East County,School,0.0,4.0
37,8: East County,School,0.0,12.0
38,8: East County,School,0.0,1.0
39,8: East County,School,0.0,0.0
40,8: East County,School,0.0,5.0
41,8: East County,School,0.0,3.0
42,8: East County,School,0.0,2.0
43,8: East County,School,0.0,1.0
44,8: East County,School,0.0,1.0
45,8: East County,School,0.0,0.0
46,8: East County,School,0.0,2.0
47,8: East County,School,0.0,2.0
48,8: East County,School,0.0,0.0
49,8: East County,School,0.0,0.0
50,8: East County,School,0.0,1.0
51,8: East County,School,0.0,0.0
1,Total,School,120743.9593,164686.0
2,Total,School,91718.6253,131888.0
3,Total,School,77919.4584,117047.0
4,Total,School,57286.6159,89292.0
5,Total,School,34844.5005,60577.0
6,Total,School,25292.3213,45377.0
7,Total,School,14906.4425,32975.0
8,Total,School,13010.3626,24830.0
9,Total,School,9129.41,19759.0
10,Total,School,14309.8607,16639.0
11,Total,School,11185.1234,13879.0
12,Total,School,5499.1876,12210.0
13,Total,School,3143.1695,10489.0
14,Total,School,6594.16,9377.0
15,Total,School,4766.8121,8003.0
16,Total,School,2863.5846,6432.0
17,Total,School,5203.9585,5337.0
18,Total,School,3783.9357,4572.0
19,Total,School,3118.264,3836.0
20,Total,School,4567.4191,2882.0
21,Total,School,1709.8446,1587.0
22,Total,School,798.6331,1110.0
23,Total,School,735.005,685.0
24,Total,School,171.6902,662.0
25,Total,School,1530.8933,514.0
26,Total,School,0.0,367.0
27,Total,School,1747.8457,223.0
28,Total,School,425.655,227.0
29,Total,School,293.1357,138.0
30,Total,School,0.0,138.0
31,Total,School,0.0,111.0
32,Total,School,353.3579,25.0
33,Total,School,0.0,141.0
34,Total,School,0.0,40.0
35,Total,School,0.0,324.0
36,Total,School,0.0,26.0
37,Total,School,0.0,24.0
38,Total,School,0.0,4.0
39,Total,School,0.0,1.0
40,Total,School,0.0,5.0
41,Total,School,0.0,4.0
42,Total,School,0.0,5.0
43,Total,School,0.0,2.0
44,Total,School,0.0,2.0
45,Total,School,0.0,0.0
46,Total,School,0.0,2.0
47,Total,School,0.0,4.0
48,Total,School,0.0,0.0
49,Total,School,0.0,0.0
50,Total,School,0.0,2.0
51,Total,School,0.0,0.0
99999,1: Downtown,Work,0.0,5.0
99999,2: Central,Work,0.0,61.0
99999,3: North City,Work,0.0,77.0
99999,4: South Suburban,Work,0.0,183.0
99999,5: East Suburban,Work,0.0,198.0
99999,6: North County West,Work,0.0,266.0
99999,7: North County East,Work,0.0,566.0
99999,8: East County,Work,0.0,1007.0
99999,1: Downtown,University,0.0,0.0
99999,2: Central,University,0.0,0.0
99999,3: North City,University,0.0,0.0
99999,4: South Suburban,University,0.0,0.0
99999,5: East Suburban,University,0.0,0.0
99999,6: North County West,University,0.0,0.0
99999,7: North County East,University,0.0,0.0
99999,8: East County,University,0.0,18.0
99999,1: Downtown,School,0.0,0.0
99999,2: Central,School,0.0,0.0
99999,3: North City,School,0.0,0.0
99999,4: South Suburban,School,0.0,0.0
99999,5: East Suburban,School,0.0,4.0
99999,6: North County West,School,0.0,0.0
99999,7: North County East,School,0.0,3.0
99999,8: East County,School,0.0,16.0
99999,Total,Work,0.0,2363.0
99999,Total,University,0.0,18.0
99999,Total,School,0.0,23.0
