OwnershipCategory,tour_mode,purpose,survey_freq,model_freq
0: No Vehicles,01: SOV,1: Work,5898.0,9298.0
0: No Vehicles,02: Shared Ride 2,1: Work,9426.0,13853.0
0: No Vehicles,03: Shared Ride 3+,1: Work,0.0,166.0
0: No Vehicles,04: Walk,1: Work,6309.0,9500.0
0: No Vehicles,05: Bike,1: Work,3580.0,617.0
0: No Vehicles,06: Walk to Transit,1: Work,10877.0,10328.0
0: No Vehicles,07: PNR to Transit,1: Work,0.0,0.0
0: No Vehicles,08: KNR to Transit,1: Work,2073.0,1673.0
0: No Vehicles,09: TNC to Transit,1: Work,0.0,0.0
0: No Vehicles,01: SOV,2: University,7.0,1.0
0: No Vehicles,02: Shared Ride 2,2: University,923.0,1737.0
0: No Vehicles,03: Shared Ride 3+,2: University,113.0,149.0
0: No Vehicles,04: Walk,2: University,50.0,0.0
0: No Vehicles,05: Bike,2: University,174.0,287.0
0: No Vehicles,06: Walk to Transit,2: University,3678.0,3862.0
0: No Vehicles,07: PNR to Transit,2: University,0.0,0.0
0: No Vehicles,08: KNR to Transit,2: University,368.0,388.0
0: No Vehicles,09: TNC to Transit,2: University,3.0,0.0
0: No Vehicles,01: SOV,3: School,73.0,0.0
0: No Vehicles,02: Shared Ride 2,3: School,2267.0,5706.0
0: No Vehicles,03: Shared Ride 3+,3: School,263.0,459.0
0: No Vehicles,04: Walk,3: School,7978.0,6162.0
0: No Vehicles,05: Bike,3: School,0.0,268.0
0: No Vehicles,06: Walk to Transit,3: School,699.0,1138.0
0: No Vehicles,07: PNR to Transit,3: School,0.0,0.0
0: No Vehicles,08: KNR to Transit,3: School,44.0,0.0
0: No Vehicles,09: TNC to Transit,3: School,10586.0,0.0
0: No Vehicles,01: SOV,5: Individual Maintenance,4068.0,7668.0
0: No Vehicles,02: Shared Ride 2,5: Individual Maintenance,13504.0,5187.0
0: No Vehicles,03: Shared Ride 3+,5: Individual Maintenance,4570.0,1185.0
0: No Vehicles,04: Walk,5: Individual Maintenance,24546.0,16207.0
0: No Vehicles,05: Bike,5: Individual Maintenance,4409.0,1144.0
0: No Vehicles,06: Walk to Transit,5: Individual Maintenance,5748.0,5848.0
0: No Vehicles,07: PNR to Transit,5: Individual Maintenance,0.0,0.0
0: No Vehicles,08: KNR to Transit,5: Individual Maintenance,613.0,457.0
0: No Vehicles,09: TNC to Transit,5: Individual Maintenance,0.0,0.0
0: No Vehicles,01: SOV,6: Individual Discretionary,313.0,631.0
0: No Vehicles,02: Shared Ride 2,6: Individual Discretionary,4389.0,5192.0
0: No Vehicles,03: Shared Ride 3+,6: Individual Discretionary,936.0,1129.0
0: No Vehicles,04: Walk,6: Individual Discretionary,6965.0,9204.0
0: No Vehicles,05: Bike,6: Individual Discretionary,2845.0,1087.0
0: No Vehicles,06: Walk to Transit,6: Individual Discretionary,3774.0,4210.0
0: No Vehicles,07: PNR to Transit,6: Individual Discretionary,0.0,0.0
0: No Vehicles,08: KNR to Transit,6: Individual Discretionary,1163.0,1121.0
0: No Vehicles,09: TNC to Transit,6: Individual Discretionary,0.0,0.0
0: No Vehicles,01: SOV,7: Joint Maintenance,0.0,0.0
0: No Vehicles,02: Shared Ride 2,7: Joint Maintenance,2588.0,0.0
0: No Vehicles,03: Shared Ride 3+,7: Joint Maintenance,78.0,0.0
0: No Vehicles,04: Walk,7: Joint Maintenance,223.0,0.0
0: No Vehicles,05: Bike,7: Joint Maintenance,0.0,0.0
0: No Vehicles,06: Walk to Transit,7: Joint Maintenance,961.0,0.0
0: No Vehicles,07: PNR to Transit,7: Joint Maintenance,0.0,0.0
0: No Vehicles,08: KNR to Transit,7: Joint Maintenance,27.0,0.0
0: No Vehicles,09: TNC to Transit,7: Joint Maintenance,0.0,0.0
0: No Vehicles,01: SOV,8: Joint Discretionary,0.0,0.0
0: No Vehicles,02: Shared Ride 2,8: Joint Discretionary,1129.0,0.0
0: No Vehicles,03: Shared Ride 3+,8: Joint Discretionary,0.0,0.0
0: No Vehicles,04: Walk,8: Joint Discretionary,544.0,0.0
0: No Vehicles,05: Bike,8: Joint Discretionary,0.0,0.0
0: No Vehicles,06: Walk to Transit,8: Joint Discretionary,507.0,0.0
0: No Vehicles,07: PNR to Transit,8: Joint Discretionary,0.0,0.0
0: No Vehicles,08: KNR to Transit,8: Joint Discretionary,95.0,0.0
0: No Vehicles,09: TNC to Transit,8: Joint Discretionary,0.0,0.0
0: No Vehicles,01: SOV,9: Work-based,0.0,0.0
0: No Vehicles,02: Shared Ride 2,9: Work-based,611.0,709.0
0: No Vehicles,03: Shared Ride 3+,9: Work-based,0.0,1.0
0: No Vehicles,04: Walk,9: Work-based,1482.0,1859.0
0: No Vehicles,05: Bike,9: Work-based,431.0,449.0
0: No Vehicles,06: Walk to Transit,9: Work-based,208.0,201.0
0: No Vehicles,07: PNR to Transit,9: Work-based,0.0,0.0
0: No Vehicles,08: KNR to Transit,9: Work-based,8.0,0.0
0: No Vehicles,09: TNC to Transit,9: Work-based,0.0,0.0
0: No Vehicles,01: SOV,Total,10358.0,21998.0
0: No Vehicles,02: Shared Ride 2,Total,34836.0,39665.0
0: No Vehicles,03: Shared Ride 3+,Total,5962.0,5724.0
0: No Vehicles,04: Walk,Total,48098.0,47884.0
0: No Vehicles,05: Bike,Total,11439.0,4044.0
0: No Vehicles,06: Walk to Transit,Total,26452.0,25624.0
0: No Vehicles,07: PNR to Transit,Total,0.0,0.0
0: No Vehicles,08: KNR to Transit,Total,4392.0,3640.0
0: No Vehicles,09: TNC to Transit,Total,10588.0,0.0
1: 1+ Veh/Adults > Veh,01: SOV,1: Work,183788.0,185073.0
1: 1+ Veh/Adults > Veh,02: Shared Ride 2,1: Work,66918.0,67365.0
1: 1+ Veh/Adults > Veh,03: Shared Ride 3+,1: Work,12000.0,13184.0
1: 1+ Veh/Adults > Veh,04: Walk,1: Work,3446.0,4163.0
1: 1+ Veh/Adults > Veh,05: Bike,1: Work,10150.0,8900.0
1: 1+ Veh/Adults > Veh,06: Walk to Transit,1: Work,18732.0,18951.0
1: 1+ Veh/Adults > Veh,07: PNR to Transit,1: Work,1763.0,1346.0
1: 1+ Veh/Adults > Veh,08: KNR to Transit,1: Work,4870.0,4887.0
1: 1+ Veh/Adults > Veh,09: TNC to Transit,1: Work,0.0,0.0
1: 1+ Veh/Adults > Veh,01: SOV,2: University,8715.0,10341.0
1: 1+ Veh/Adults > Veh,02: Shared Ride 2,2: University,7373.0,8497.0
1: 1+ Veh/Adults > Veh,03: Shared Ride 3+,2: University,4412.0,4568.0
1: 1+ Veh/Adults > Veh,04: Walk,2: University,2342.0,2899.0
1: 1+ Veh/Adults > Veh,05: Bike,2: University,514.0,1332.0
1: 1+ Veh/Adults > Veh,06: Walk to Transit,2: University,10506.0,10032.0
1: 1+ Veh/Adults > Veh,07: PNR to Transit,2: University,602.0,877.0
1: 1+ Veh/Adults > Veh,08: KNR to Transit,2: University,1940.0,1610.0
1: 1+ Veh/Adults > Veh,09: TNC to Transit,2: University,13.0,0.0
1: 1+ Veh/Adults > Veh,01: SOV,3: School,4726.0,2235.0
1: 1+ Veh/Adults > Veh,02: Shared Ride 2,3: School,17227.0,44025.0
1: 1+ Veh/Adults > Veh,03: Shared Ride 3+,3: School,53769.0,33550.0
1: 1+ Veh/Adults > Veh,04: Walk,3: School,16302.0,9083.0
1: 1+ Veh/Adults > Veh,05: Bike,3: School,1524.0,783.0
1: 1+ Veh/Adults > Veh,06: Walk to Transit,3: School,3964.0,3586.0
1: 1+ Veh/Adults > Veh,07: PNR to Transit,3: School,19.0,1.0
1: 1+ Veh/Adults > Veh,08: KNR to Transit,3: School,589.0,635.0
1: 1+ Veh/Adults > Veh,09: TNC to Transit,3: School,30417.0,0.0
1: 1+ Veh/Adults > Veh,01: SOV,5: Individual Maintenance,115094.0,50296.0
1: 1+ Veh/Adults > Veh,02: Shared Ride 2,5: Individual Maintenance,162934.0,42937.0
1: 1+ Veh/Adults > Veh,03: Shared Ride 3+,5: Individual Maintenance,146802.0,33165.0
1: 1+ Veh/Adults > Veh,04: Walk,5: Individual Maintenance,44643.0,27537.0
1: 1+ Veh/Adults > Veh,05: Bike,5: Individual Maintenance,931.0,251.0
1: 1+ Veh/Adults > Veh,06: Walk to Transit,5: Individual Maintenance,5025.0,4746.0
1: 1+ Veh/Adults > Veh,07: PNR to Transit,5: Individual Maintenance,87.0,237.0
1: 1+ Veh/Adults > Veh,08: KNR to Transit,5: Individual Maintenance,893.0,837.0
1: 1+ Veh/Adults > Veh,09: TNC to Transit,5: Individual Maintenance,173.0,0.0
1: 1+ Veh/Adults > Veh,01: SOV,6: Individual Discretionary,30132.0,29773.0
1: 1+ Veh/Adults > Veh,02: Shared Ride 2,6: Individual Discretionary,36666.0,36437.0
1: 1+ Veh/Adults > Veh,03: Shared Ride 3+,6: Individual Discretionary,22438.0,22191.0
1: 1+ Veh/Adults > Veh,04: Walk,6: Individual Discretionary,23222.0,24886.0
1: 1+ Veh/Adults > Veh,05: Bike,6: Individual Discretionary,3066.0,2863.0
1: 1+ Veh/Adults > Veh,06: Walk to Transit,6: Individual Discretionary,4327.0,4104.0
1: 1+ Veh/Adults > Veh,07: PNR to Transit,6: Individual Discretionary,112.0,153.0
1: 1+ Veh/Adults > Veh,08: KNR to Transit,6: Individual Discretionary,2114.0,2061.0
1: 1+ Veh/Adults > Veh,09: TNC to Transit,6: Individual Discretionary,0.0,0.0
1: 1+ Veh/Adults > Veh,01: SOV,7: Joint Maintenance,0.0,0.0
1: 1+ Veh/Adults > Veh,02: Shared Ride 2,7: Joint Maintenance,24139.0,0.0
1: 1+ Veh/Adults > Veh,03: Shared Ride 3+,7: Joint Maintenance,2899.0,0.0
1: 1+ Veh/Adults > Veh,04: Walk,7: Joint Maintenance,371.0,0.0
1: 1+ Veh/Adults > Veh,05: Bike,7: Joint Maintenance,21.0,0.0
1: 1+ Veh/Adults > Veh,06: Walk to Transit,7: Joint Maintenance,815.0,0.0
1: 1+ Veh/Adults > Veh,07: PNR to Transit,7: Joint Maintenance,12.0,0.0
1: 1+ Veh/Adults > Veh,08: KNR to Transit,7: Joint Maintenance,110.0,0.0
1: 1+ Veh/Adults > Veh,09: TNC to Transit,7: Joint Maintenance,0.0,0.0
1: 1+ Veh/Adults > Veh,01: SOV,8: Joint Discretionary,0.0,0.0
1: 1+ Veh/Adults > Veh,02: Shared Ride 2,8: Joint Discretionary,12756.0,0.0
1: 1+ Veh/Adults > Veh,03: Shared Ride 3+,8: Joint Discretionary,2125.0,0.0
1: 1+ Veh/Adults > Veh,04: Walk,8: Joint Discretionary,2806.0,0.0
1: 1+ Veh/Adults > Veh,05: Bike,8: Joint Discretionary,22.0,0.0
1: 1+ Veh/Adults > Veh,06: Walk to Transit,8: Joint Discretionary,609.0,0.0
1: 1+ Veh/Adults > Veh,07: PNR to Transit,8: Joint Discretionary,91.0,0.0
1: 1+ Veh/Adults > Veh,08: KNR to Transit,8: Joint Discretionary,277.0,0.0
1: 1+ Veh/Adults > Veh,09: TNC to Transit,8: Joint Discretionary,0.0,0.0
1: 1+ Veh/Adults > Veh,01: SOV,9: Work-based,10869.0,11402.0
1: 1+ Veh/Adults > Veh,02: Shared Ride 2,9: Work-based,6253.0,5954.0
1: 1+ Veh/Adults > Veh,03: Shared Ride 3+,9: Work-based,192.0,313.0
1: 1+ Veh/Adults > Veh,04: Walk,9: Work-based,4326.0,4052.0
1: 1+ Veh/Adults > Veh,05: Bike,9: Work-based,50.0,0.0
1: 1+ Veh/Adults > Veh,06: Walk to Transit,9: Work-based,262.0,290.0
1: 1+ Veh/Adults > Veh,07: PNR to Transit,9: Work-based,31.0,0.0
1: 1+ Veh/Adults > Veh,08: KNR to Transit,9: Work-based,118.0,0.0
1: 1+ Veh/Adults > Veh,09: TNC to Transit,9: Work-based,8.0,0.0
1: 1+ Veh/Adults > Veh,01: SOV,Total,353324.0,351112.0
1: 1+ Veh/Adults > Veh,02: Shared Ride 2,Total,334265.0,321562.0
1: 1+ Veh/Adults > Veh,03: Shared Ride 3+,Total,244638.0,218062.0
1: 1+ Veh/Adults > Veh,04: Walk,Total,97459.0,92447.0
1: 1+ Veh/Adults > Veh,05: Bike,Total,16278.0,14243.0
1: 1+ Veh/Adults > Veh,06: Walk to Transit,Total,44239.0,41741.0
1: 1+ Veh/Adults > Veh,07: PNR to Transit,Total,2717.0,2616.0
1: 1+ Veh/Adults > Veh,08: KNR to Transit,Total,10912.0,10035.0
1: 1+ Veh/Adults > Veh,09: TNC to Transit,Total,30611.0,0.0
2: Vehicles >= Adults,01: SOV,1: Work,579545.0,598567.0
2: Vehicles >= Adults,02: Shared Ride 2,1: Work,121278.0,127345.0
2: Vehicles >= Adults,03: Shared Ride 3+,1: Work,74424.0,76634.0
2: Vehicles >= Adults,04: Walk,1: Work,5173.0,5757.0
2: Vehicles >= Adults,05: Bike,1: Work,11081.0,10778.0
2: Vehicles >= Adults,06: Walk to Transit,1: Work,3670.0,3747.0
2: Vehicles >= Adults,07: PNR to Transit,1: Work,3327.0,2736.0
2: Vehicles >= Adults,08: KNR to Transit,1: Work,2148.0,1384.0
2: Vehicles >= Adults,09: TNC to Transit,1: Work,98.0,3.0
2: Vehicles >= Adults,01: SOV,2: University,40618.0,39521.0
2: Vehicles >= Adults,02: Shared Ride 2,2: University,10674.0,10194.0
2: Vehicles >= Adults,03: Shared Ride 3+,2: University,7429.0,7966.0
2: Vehicles >= Adults,04: Walk,2: University,2036.0,2024.0
2: Vehicles >= Adults,05: Bike,2: University,185.0,0.0
2: Vehicles >= Adults,06: Walk to Transit,2: University,1814.0,1693.0
2: Vehicles >= Adults,07: PNR to Transit,2: University,706.0,978.0
2: Vehicles >= Adults,08: KNR to Transit,2: University,763.0,727.0
2: Vehicles >= Adults,09: TNC to Transit,2: University,2120.0,0.0
2: Vehicles >= Adults,01: SOV,3: School,15739.0,10224.0
2: Vehicles >= Adults,02: Shared Ride 2,3: School,94229.0,175080.0
2: Vehicles >= Adults,03: Shared Ride 3+,3: School,282376.0,216246.0
2: Vehicles >= Adults,04: Walk,3: School,14576.0,9344.0
2: Vehicles >= Adults,05: Bike,3: School,8398.0,5789.0
2: Vehicles >= Adults,06: Walk to Transit,3: School,473.0,557.0
2: Vehicles >= Adults,07: PNR to Transit,3: School,5.0,0.0
2: Vehicles >= Adults,08: KNR to Transit,3: School,219.0,854.0
2: Vehicles >= Adults,09: TNC to Transit,3: School,32688.0,0.0
2: Vehicles >= Adults,01: SOV,5: Individual Maintenance,391902.0,235043.0
2: Vehicles >= Adults,02: Shared Ride 2,5: Individual Maintenance,319782.0,93029.0
2: Vehicles >= Adults,03: Shared Ride 3+,5: Individual Maintenance,433480.0,144320.0
2: Vehicles >= Adults,04: Walk,5: Individual Maintenance,42282.0,33107.0
2: Vehicles >= Adults,05: Bike,5: Individual Maintenance,2544.0,1207.0
2: Vehicles >= Adults,06: Walk to Transit,5: Individual Maintenance,1125.0,944.0
2: Vehicles >= Adults,07: PNR to Transit,5: Individual Maintenance,189.0,0.0
2: Vehicles >= Adults,08: KNR to Transit,5: Individual Maintenance,478.0,394.0
2: Vehicles >= Adults,09: TNC to Transit,5: Individual Maintenance,0.0,0.0
2: Vehicles >= Adults,01: SOV,6: Individual Discretionary,144758.0,146845.0
2: Vehicles >= Adults,02: Shared Ride 2,6: Individual Discretionary,74545.0,73330.0
2: Vehicles >= Adults,03: Shared Ride 3+,6: Individual Discretionary,82844.0,82377.0
2: Vehicles >= Adults,04: Walk,6: Individual Discretionary,34422.0,34530.0
2: Vehicles >= Adults,05: Bike,6: Individual Discretionary,6008.0,6956.0
2: Vehicles >= Adults,06: Walk to Transit,6: Individual Discretionary,1119.0,1127.0
2: Vehicles >= Adults,07: PNR to Transit,6: Individual Discretionary,193.0,188.0
2: Vehicles >= Adults,08: KNR to Transit,6: Individual Discretionary,893.0,383.0
2: Vehicles >= Adults,09: TNC to Transit,6: Individual Discretionary,8.0,1553.0
2: Vehicles >= Adults,01: SOV,7: Joint Maintenance,0.0,0.0
2: Vehicles >= Adults,02: Shared Ride 2,7: Joint Maintenance,39330.0,0.0
2: Vehicles >= Adults,03: Shared Ride 3+,7: Joint Maintenance,15648.0,0.0
2: Vehicles >= Adults,04: Walk,7: Joint Maintenance,1294.0,0.0
2: Vehicles >= Adults,05: Bike,7: Joint Maintenance,49.0,0.0
2: Vehicles >= Adults,06: Walk to Transit,7: Joint Maintenance,116.0,0.0
2: Vehicles >= Adults,07: PNR to Transit,7: Joint Maintenance,12.0,0.0
2: Vehicles >= Adults,08: KNR to Transit,7: Joint Maintenance,19.0,0.0
2: Vehicles >= Adults,09: TNC to Transit,7: Joint Maintenance,0.0,0.0
2: Vehicles >= Adults,01: SOV,8: Joint Discretionary,0.0,0.0
2: Vehicles >= Adults,02: Shared Ride 2,8: Joint Discretionary,28348.0,0.0
2: Vehicles >= Adults,03: Shared Ride 3+,8: Joint Discretionary,21405.0,0.0
2: Vehicles >= Adults,04: Walk,8: Joint Discretionary,4779.0,0.0
2: Vehicles >= Adults,05: Bike,8: Joint Discretionary,44.0,0.0
2: Vehicles >= Adults,06: Walk to Transit,8: Joint Discretionary,73.0,0.0
2: Vehicles >= Adults,07: PNR to Transit,8: Joint Discretionary,66.0,0.0
2: Vehicles >= Adults,08: KNR to Transit,8: Joint Discretionary,45.0,0.0
2: Vehicles >= Adults,09: TNC to Transit,8: Joint Discretionary,0.0,0.0
2: Vehicles >= Adults,01: SOV,9: Work-based,47008.0,48651.0
2: Vehicles >= Adults,02: Shared Ride 2,9: Work-based,11679.0,11800.0
2: Vehicles >= Adults,03: Shared Ride 3+,9: Work-based,6074.0,5975.0
2: Vehicles >= Adults,04: Walk,9: Work-based,21553.0,22628.0
2: Vehicles >= Adults,05: Bike,9: Work-based,448.0,563.0
2: Vehicles >= Adults,06: Walk to Transit,9: Work-based,63.0,86.0
2: Vehicles >= Adults,07: PNR to Transit,9: Work-based,43.0,0.0
2: Vehicles >= Adults,08: KNR to Transit,9: Work-based,94.0,0.0
2: Vehicles >= Adults,09: TNC to Transit,9: Work-based,6.0,0.0
2: Vehicles >= Adults,01: SOV,Total,1219569.0,1248327.0
2: Vehicles >= Adults,02: Shared Ride 2,Total,699865.0,729605.0
2: Vehicles >= Adults,03: Shared Ride 3+,Total,923680.0,831989.0
2: Vehicles >= Adults,04: Walk,Total,126115.0,120939.0
2: Vehicles >= Adults,05: Bike,Total,28758.0,25624.0
2: Vehicles >= Adults,06: Walk to Transit,Total,8452.0,8157.0
2: Vehicles >= Adults,07: PNR to Transit,Total,4541.0,3902.0
2: Vehicles >= Adults,08: KNR to Transit,Total,4659.0,3743.0
2: Vehicles >= Adults,09: TNC to Transit,Total,34920.0,1556.0
All Households,01: SOV,1: Work,769230.0,792938.0
All Households,02: Shared Ride 2,1: Work,197622.0,208563.0
All Households,03: Shared Ride 3+,1: Work,86424.0,89984.0
All Households,04: Walk,1: Work,14928.0,19420.0
All Households,05: Bike,1: Work,24811.0,20295.0
All Households,06: Walk to Transit,1: Work,33278.0,33026.0
All Households,07: PNR to Transit,1: Work,5090.0,4082.0
All Households,08: KNR to Transit,1: Work,9091.0,7944.0
All Households,09: TNC to Transit,1: Work,98.0,3.0
All Households,01: SOV,2: University,49340.0,49863.0
All Households,02: Shared Ride 2,2: University,18969.0,20428.0
All Households,03: Shared Ride 3+,2: University,11955.0,12683.0
All Households,04: Walk,2: University,4428.0,4923.0
All Households,05: Bike,2: University,874.0,1619.0
All Households,06: Walk to Transit,2: University,15998.0,15587.0
All Households,07: PNR to Transit,2: University,1307.0,1855.0
All Households,08: KNR to Transit,2: University,3071.0,2725.0
All Households,09: TNC to Transit,2: University,2136.0,0.0
All Households,01: SOV,3: School,20538.0,12459.0
All Households,02: Shared Ride 2,3: School,113724.0,224811.0
All Households,03: Shared Ride 3+,3: School,336408.0,250255.0
All Households,04: Walk,3: School,38857.0,24589.0
All Households,05: Bike,3: School,9922.0,6840.0
All Households,06: Walk to Transit,3: School,5135.0,5281.0
All Households,07: PNR to Transit,3: School,24.0,1.0
All Households,08: KNR to Transit,3: School,852.0,1489.0
All Households,09: TNC to Transit,3: School,73691.0,0.0
All Households,01: SOV,5: Individual Maintenance,511064.0,293007.0
All Households,02: Shared Ride 2,5: Individual Maintenance,496220.0,141153.0
All Households,03: Shared Ride 3+,5: Individual Maintenance,584852.0,178670.0
All Households,04: Walk,5: Individual Maintenance,111470.0,76851.0
All Households,05: Bike,5: Individual Maintenance,7885.0,2602.0
All Households,06: Walk to Transit,5: Individual Maintenance,11898.0,11538.0
All Households,07: PNR to Transit,5: Individual Maintenance,276.0,237.0
All Households,08: KNR to Transit,5: Individual Maintenance,1985.0,1688.0
All Households,09: TNC to Transit,5: Individual Maintenance,173.0,0.0
All Households,01: SOV,6: Individual Discretionary,175203.0,177249.0
All Households,02: Shared Ride 2,6: Individual Discretionary,115599.0,114959.0
All Households,03: Shared Ride 3+,6: Individual Discretionary,106219.0,105697.0
All Households,04: Walk,6: Individual Discretionary,64609.0,68620.0
All Households,05: Bike,6: Individual Discretionary,11918.0,10906.0
All Households,06: Walk to Transit,6: Individual Discretionary,9220.0,9441.0
All Households,07: PNR to Transit,6: Individual Discretionary,306.0,341.0
All Households,08: KNR to Transit,6: Individual Discretionary,4169.0,3565.0
All Households,09: TNC to Transit,6: Individual Discretionary,8.0,1553.0
All Households,01: SOV,7: Joint Maintenance,0.0,0.0
All Households,02: Shared Ride 2,7: Joint Maintenance,66057.0,0.0
All Households,03: Shared Ride 3+,7: Joint Maintenance,18626.0,0.0
All Households,04: Walk,7: Joint Maintenance,1889.0,0.0
All Households,05: Bike,7: Joint Maintenance,70.0,0.0
All Households,06: Walk to Transit,7: Joint Maintenance,1892.0,0.0
All Households,07: PNR to Transit,7: Joint Maintenance,25.0,0.0
All Households,08: KNR to Transit,7: Joint Maintenance,157.0,0.0
All Households,09: TNC to Transit,7: Joint Maintenance,0.0,0.0
All Households,01: SOV,8: Joint Discretionary,0.0,0.0
All Households,02: Shared Ride 2,8: Joint Discretionary,42232.0,0.0
All Households,03: Shared Ride 3+,8: Joint Discretionary,23530.0,0.0
All Households,04: Walk,8: Joint Discretionary,8129.0,0.0
All Households,05: Bike,8: Joint Discretionary,66.0,0.0
All Households,06: Walk to Transit,8: Joint Discretionary,1189.0,0.0
All Households,07: PNR to Transit,8: Joint Discretionary,156.0,0.0
All Households,08: KNR to Transit,8: Joint Discretionary,417.0,0.0
All Households,09: TNC to Transit,8: Joint Discretionary,0.0,0.0
All Households,01: SOV,9: Work-based,57877.0,60053.0
All Households,02: Shared Ride 2,9: Work-based,18543.0,18463.0
All Households,03: Shared Ride 3+,9: Work-based,6266.0,6289.0
All Households,04: Walk,9: Work-based,27361.0,28539.0
All Households,05: Bike,9: Work-based,929.0,1012.0
All Households,06: Walk to Transit,9: Work-based,533.0,577.0
All Households,07: PNR to Transit,9: Work-based,74.0,0.0
All Households,08: KNR to Transit,9: Work-based,220.0,0.0
All Households,09: TNC to Transit,9: Work-based,14.0,0.0
All Households,01: SOV,Total,1583252.0,1621437.0
All Households,02: Shared Ride 2,Total,1068966.0,1090832.0
All Households,03: Shared Ride 3+,Total,1174280.0,1055775.0
All Households,04: Walk,Total,271671.0,261270.0
All Households,05: Bike,Total,56475.0,43911.0
All Households,06: Walk to Transit,Total,79143.0,75522.0
All Households,07: PNR to Transit,Total,7258.0,6518.0
All Households,08: KNR to Transit,Total,19962.0,17418.0
All Households,09: TNC to Transit,Total,76119.0,1556.0
0: No Vehicles,01: SOV,4: Escort,0.0,4400.0
0: No Vehicles,02: Shared Ride 2,4: Escort,0.0,7281.0
0: No Vehicles,03: Shared Ride 3+,4: Escort,0.0,2635.0
0: No Vehicles,04: Walk,4: Escort,0.0,4952.0
0: No Vehicles,05: Bike,4: Escort,0.0,192.0
0: No Vehicles,06: Walk to Transit,4: Escort,0.0,37.0
0: No Vehicles,08: KNR to Transit,4: Escort,0.0,1.0
0: No Vehicles,10: Taxi,1: Work,0.0,44.0
0: No Vehicles,10: Taxi,4: Escort,0.0,329.0
0: No Vehicles,10: Taxi,5: Individual Maintenance,0.0,825.0
0: No Vehicles,10: Taxi,6: Individual Discretionary,0.0,42.0
0: No Vehicles,11: TNC Single,1: Work,0.0,91.0
0: No Vehicles,11: TNC Single,4: Escort,0.0,275.0
0: No Vehicles,11: TNC Single,5: Individual Maintenance,0.0,649.0
0: No Vehicles,11: TNC Single,6: Individual Discretionary,0.0,28.0
0: No Vehicles,12: TNC Shared,1: Work,0.0,727.0
0: No Vehicles,12: TNC Shared,4: Escort,0.0,2041.0
0: No Vehicles,12: TNC Shared,5: Individual Maintenance,0.0,3694.0
0: No Vehicles,12: TNC Shared,6: Individual Discretionary,0.0,193.0
0: No Vehicles,13: School Bus,3: School,0.0,11585.0
1: 1+ Veh/Adults > Veh,01: SOV,4: Escort,0.0,61992.0
1: 1+ Veh/Adults > Veh,02: Shared Ride 2,4: Escort,0.0,116347.0
1: 1+ Veh/Adults > Veh,03: Shared Ride 3+,4: Escort,0.0,111091.0
1: 1+ Veh/Adults > Veh,04: Walk,4: Escort,0.0,19827.0
1: 1+ Veh/Adults > Veh,05: Bike,4: Escort,0.0,114.0
1: 1+ Veh/Adults > Veh,06: Walk to Transit,4: Escort,0.0,32.0
1: 1+ Veh/Adults > Veh,07: PNR to Transit,4: Escort,0.0,2.0
1: 1+ Veh/Adults > Veh,08: KNR to Transit,4: Escort,0.0,5.0
1: 1+ Veh/Adults > Veh,10: Taxi,1: Work,0.0,129.0
1: 1+ Veh/Adults > Veh,10: Taxi,4: Escort,0.0,28.0
1: 1+ Veh/Adults > Veh,10: Taxi,5: Individual Maintenance,0.0,22.0
1: 1+ Veh/Adults > Veh,10: Taxi,6: Individual Discretionary,0.0,268.0
1: 1+ Veh/Adults > Veh,10: Taxi,9: Work-based,0.0,55.0
1: 1+ Veh/Adults > Veh,11: TNC Single,1: Work,0.0,256.0
1: 1+ Veh/Adults > Veh,11: TNC Single,4: Escort,0.0,19.0
1: 1+ Veh/Adults > Veh,11: TNC Single,5: Individual Maintenance,0.0,17.0
1: 1+ Veh/Adults > Veh,11: TNC Single,6: Individual Discretionary,0.0,249.0
1: 1+ Veh/Adults > Veh,11: TNC Single,9: Work-based,0.0,36.0
1: 1+ Veh/Adults > Veh,12: TNC Shared,1: Work,0.0,1376.0
1: 1+ Veh/Adults > Veh,12: TNC Shared,4: Escort,0.0,75.0
1: 1+ Veh/Adults > Veh,12: TNC Shared,5: Individual Maintenance,0.0,50.0
1: 1+ Veh/Adults > Veh,12: TNC Shared,6: Individual Discretionary,0.0,1040.0
1: 1+ Veh/Adults > Veh,12: TNC Shared,9: Work-based,0.0,107.0
1: 1+ Veh/Adults > Veh,13: School Bus,3: School,0.0,24781.0
2: Vehicles >= Adults,01: SOV,4: Escort,0.0,169476.0
2: Vehicles >= Adults,02: Shared Ride 2,4: Escort,0.0,238827.0
2: Vehicles >= Adults,03: Shared Ride 3+,4: Escort,0.0,298471.0
2: Vehicles >= Adults,04: Walk,4: Escort,0.0,13549.0
2: Vehicles >= Adults,05: Bike,4: Escort,0.0,331.0
2: Vehicles >= Adults,06: Walk to Transit,4: Escort,0.0,3.0
2: Vehicles >= Adults,08: KNR to Transit,4: Escort,0.0,1.0
2: Vehicles >= Adults,10: Taxi,1: Work,0.0,51.0
2: Vehicles >= Adults,10: Taxi,2: University,0.0,18.0
2: Vehicles >= Adults,10: Taxi,4: Escort,0.0,80.0
2: Vehicles >= Adults,10: Taxi,5: Individual Maintenance,0.0,86.0
2: Vehicles >= Adults,10: Taxi,6: Individual Discretionary,0.0,2497.0
2: Vehicles >= Adults,10: Taxi,9: Work-based,0.0,106.0
2: Vehicles >= Adults,11: TNC Single,1: Work,0.0,101.0
2: Vehicles >= Adults,11: TNC Single,2: University,0.0,19.0
2: Vehicles >= Adults,11: TNC Single,4: Escort,0.0,95.0
2: Vehicles >= Adults,11: TNC Single,5: Individual Maintenance,0.0,100.0
2: Vehicles >= Adults,11: TNC Single,6: Individual Discretionary,0.0,2498.0
2: Vehicles >= Adults,11: TNC Single,9: Work-based,0.0,114.0
2: Vehicles >= Adults,12: TNC Shared,1: Work,0.0,513.0
2: Vehicles >= Adults,12: TNC Shared,2: University,0.0,103.0
2: Vehicles >= Adults,12: TNC Shared,4: Escort,0.0,243.0
2: Vehicles >= Adults,12: TNC Shared,5: Individual Maintenance,0.0,299.0
2: Vehicles >= Adults,12: TNC Shared,6: Individual Discretionary,0.0,8524.0
2: Vehicles >= Adults,12: TNC Shared,9: Work-based,0.0,225.0
2: Vehicles >= Adults,13: School Bus,3: School,0.0,33102.0
All Households,01: SOV,4: Escort,0.0,235868.0
All Households,02: Shared Ride 2,4: Escort,0.0,362455.0
All Households,03: Shared Ride 3+,4: Escort,0.0,412197.0
All Households,04: Walk,4: Escort,0.0,38328.0
All Households,05: Bike,4: Escort,0.0,637.0
All Households,06: Walk to Transit,4: Escort,0.0,72.0
All Households,08: KNR to Transit,4: Escort,0.0,7.0
All Households,10: Taxi,1: Work,0.0,224.0
All Households,10: Taxi,4: Escort,0.0,437.0
All Households,10: Taxi,5: Individual Maintenance,0.0,933.0
All Households,10: Taxi,6: Individual Discretionary,0.0,2807.0
All Households,11: TNC Single,1: Work,0.0,448.0
All Households,11: TNC Single,4: Escort,0.0,389.0
All Households,11: TNC Single,5: Individual Maintenance,0.0,766.0
All Households,11: TNC Single,6: Individual Discretionary,0.0,2775.0
All Households,12: TNC Shared,1: Work,0.0,2616.0
All Households,12: TNC Shared,4: Escort,0.0,2359.0
All Households,12: TNC Shared,5: Individual Maintenance,0.0,4043.0
All Households,12: TNC Shared,6: Individual Discretionary,0.0,9757.0
All Households,13: School Bus,3: School,0.0,69468.0
All Households,07: PNR to Transit,4: Escort,0.0,2.0
All Households,10: Taxi,9: Work-based,0.0,161.0
All Households,11: TNC Single,9: Work-based,0.0,150.0
All Households,12: TNC Shared,9: Work-based,0.0,332.0
All Households,10: Taxi,2: University,0.0,18.0
All Households,11: TNC Single,2: University,0.0,19.0
All Households,12: TNC Shared,2: University,0.0,103.0
0: No Vehicles,10: Taxi,Total,0.0,1240.0
0: No Vehicles,11: TNC Single,Total,0.0,1043.0
0: No Vehicles,12: TNC Shared,Total,0.0,6655.0
0: No Vehicles,13: School Bus,Total,0.0,11585.0
1: 1+ Veh/Adults > Veh,10: Taxi,Total,0.0,502.0
1: 1+ Veh/Adults > Veh,11: TNC Single,Total,0.0,577.0
1: 1+ Veh/Adults > Veh,12: TNC Shared,Total,0.0,2648.0
1: 1+ Veh/Adults > Veh,13: School Bus,Total,0.0,24781.0
2: Vehicles >= Adults,10: Taxi,Total,0.0,2838.0
2: Vehicles >= Adults,11: TNC Single,Total,0.0,2927.0
2: Vehicles >= Adults,12: TNC Shared,Total,0.0,9907.0
2: Vehicles >= Adults,13: School Bus,Total,0.0,33102.0
All Households,10: Taxi,Total,0.0,4580.0
All Households,11: TNC Single,Total,0.0,4547.0
All Households,12: TNC Shared,Total,0.0,19210.0
All Households,13: School Bus,Total,0.0,69468.0
